domain,entity,best_table,name_overlap,attribute_coverage,status_candidate,runtime,entity_attributes
D01,Tenant,ai_agents,0.0,0.25,CANDIDATE_PARTIAL,,"id, name, region/residency, plan, status, locale defaults, retention policy"
D01,LegalEntity,organizations,0.0,0.36,CANDIDATE_PARTIAL,CHAIN_RUNTIME_EXERCISED,"tenant_id, legal_name (ar/en), registration/tax IDs, country, base_currency, fiscal_calendar, timezone, parent_entity, consolidation_flag"
D01,Branch/BusinessUnit,,0.0,0.17,CANDIDATE_ABSENT,,"entity_id, type (HO/regional/site-office), address, manager"
D01,Project,projects,0.0,0.42,CANDIDATE_PARTIAL,CHAIN_RUNTIME_EXERCISED,"entity_id, code, name, client_party_id, contract_ref, type, status, dates, location (geo), currency, JV_flag, cost_center_root"
D01,ProjectParticipant (JV),,0.0,0.2,CANDIDATE_ABSENT,,"project_id, party_id, share%, role (lead/partner), valid_from/to"
D01,User,,1.0,0.12,CANDIDATE_ABSENT,,"tenant_id, identity (SSO/local), status, language, MFA, linked_employee_id"
D01,Role / Permission,permissions,0.5,0.5,CANDIDATE_PRESENT,CHAIN_RUNTIME_EXERCISED,scope-aware، قابل للتخصيص مع قياسيات جاهزة
D01,RoleAssignment,,0.5,0.17,CANDIDATE_ABSENT,,"user, role, scope (tenant/entity/project/dept), valid_from/to, delegated_from"
D01,ApprovalPolicy / DOARule,,0.33,0.23,CANDIDATE_ABSENT,,"document_type, entity, project?, amount_range, currency, criteria (نوع/مخاطر), steps (roles/users), parallel/serial, SLA, escalation"
D01,Party (الأساس لكل الأطراف),vendors_subcontractors,0.0,0.47,CANDIDATE_PARTIAL,CHAIN_RUNTIME_EXERCISED,"type (client/vendor/subcontractor/consultant/bank/authority/employee-ref), legal_name, tax_id, address, contacts, bank_accounts, prequalification_status, blacklisted, merged_into"
D01,Item / Service / UoM / Currency / ExchangeRate / Calendar / Country / Tax code,,0.25,0.0,CANDIDATE_ABSENT,,رموز مرجعية بإصدارات وفترات سريان
D01,NumberSequence,,0.0,0.17,CANDIDATE_ABSENT,,"document_type, entity/project scope, pattern, gaps policy"
D01,ConfigItem,ai_prompts,0.0,0.5,CANDIDATE_PARTIAL,,"key, scope, value, schema, version, effective_from, approved_by"
D01,AuditEvent,,0.5,0.14,CANDIDATE_ABSENT,,"actor, action, object, before/after, ts, ip/device, correlation_id, tenant"
D02,Opportunity,leads,0.0,0.32,CANDIDATE_PARTIAL,CHAIN_RUNTIME_EXERCISED,"code, client_party, name, source, type (public/private/negotiated), sector, location, est_value, currency, deadline, bid_bond_req, stage, probability, owner, status"
D02,BidDecision,tenders,0.0,0.25,CANDIDATE_PARTIAL,CHAIN_RUNTIME_EXERCISED,"opportunity, criteria_scores, weights, recommendation, decision, signers, reasons"
D02,TenderDocument,,1.0,0.17,CANDIDATE_ABSENT,,"opportunity, name, doc_type, revision, received_date, hash, addendum_of"
D02,TenderRequirement,,0.5,0.08,CANDIDATE_ABSENT,,"opportunity, clause_ref, category (commercial/technical/legal), extracted_text, risk_level, owner, response"
D02,TenderTeamAssignment,users,0.0,0.5,CANDIDATE_PARTIAL,CHAIN_RUNTIME_EXERCISED,"opportunity, user, role, due"
D02,Estimate (نسخ),opportunities,0.0,0.5,CANDIDATE_PARTIAL,CHAIN_RUNTIME_EXERCISED,"opportunity, version, status, assumptions, base_date, currency, totals"
D02,EstimateLine,ipc_boq_lines,0.5,0.44,CANDIDATE_PARTIAL,,"estimate, boq_item_ref, qty, unit, direct_cost, markup% → rate"
D02,BidAdjudication/Comparison,,0.0,0.0,CANDIDATE_ABSENT,,موردين وباطن وعروضهم ومقارنتهم
D02,TenderRisk,tenders,0.5,0.29,CANDIDATE_PARTIAL,CHAIN_RUNTIME_EXERCISED,"opportunity, risk, probability, impact, mitigation, contingency_amount"
D02,BidPackage,tenders,0.0,0.38,CANDIDATE_PARTIAL,CHAIN_RUNTIME_EXERCISED,"opportunity, technical_docs, commercial_docs, forms, bonds, version, submission_proof"
D02,BidOutcome,tenders,0.0,0.44,CANDIDATE_PARTIAL,CHAIN_RUNTIME_EXERCISED,"opportunity, result, awarded_value, competitors, winner_price, reasons, lessons"
D02,CompetitorProfile,,0.0,0.2,CANDIDATE_ABSENT,,"party, history, typical pricing behavior"
D03,BOQ (رأس),,1.0,0.1,CANDIDATE_ABSENT,,"project/opportunity, type (tender/contract/budget/executed), version, status, currency, basis_date, template_id, contract_form"
D03,BOQSection,project_boq,0.0,0.4,CANDIDATE_PARTIAL,,"boq, parent_section, code, title (ar/en), sort"
D03,BOQItem,project_boq,0.0,0.35,CANDIDATE_PARTIAL,,"boq, section, item_code, description_full, description_short, unit, quantity, rate, amount, item_type (measured/lump/provisional/daywork/alt), spec_ref, drawing_ref, wbs_ref, cost_code, package_ref, source (import/takeoff/bim/manual), status"
D03,TakeoffSheet / TakeoffLine,mr_lines,0.33,0.33,CANDIDATE_PARTIAL,CHAIN_RUNTIME_EXERCISED,"item, description, count, L, W, H, factor, quantity, source_drawing, revision, reviewer"
D03,RateAnalysis,,0.5,0.23,CANDIDATE_ABSENT,,"item, version, output_unit, output_qty, direct_cost_per_unit, overhead%, profit%, risk%, rate, base_date, currency, status"
D03,RateComponent,,0.5,0.23,CANDIDATE_ABSENT,,"analysis, type (material/labor/equipment/subcontract/other), resource_id, qty_per_unit, waste%, unit_cost, extension, productivity_ref"
D03,Resource (مكتبة),resource_library,1.0,0.25,CANDIDATE_PARTIAL,,"type, code, name (ar/en), unit, specs, category, status"
D03,ResourcePrice,,0.5,0.23,CANDIDATE_ABSENT,,"resource, price, currency, source (supplier quote/index/contract/market survey), source_ref, valid_from/to, region, verified_by, confidence"
D03,Productivity/Norm,ai_runs,0.0,0.25,CANDIDATE_PARTIAL,,"trade/activity, crew, output per hour/day, conditions, source, version"
D03,Assembly,,0.0,0.0,CANDIDATE_ABSENT,,قالب تحليل قياسي لنوع عمل (خرسانة عادية، حدادة، مباني…) بمعاملاته
D03,CostCode / CBS,,0.5,0.0,CANDIDATE_ABSENT,,هرم رموز التكلفة (متعدد المستويات) مرتبط بـ WBS وحسابات
D03,UoM / Conversion,,0.0,0.0,CANDIDATE_ABSENT,,وحدات ومعاملات تحويل بإصدارات
D03,BOQTemplate,,0.0,0.0,CANDIDATE_ABSENT,,تعريف أعمدة، ترقيم، تنسيق، قواعد وصف، إجماليات، لغة، إصدار، مثال المصدر
D03,BOQChange,,0.0,0.0,CANDIDATE_ABSENT,,بين نسختين: بند، قبل/بعد، السبب، المرجع، الأثر
D04,Contract,contracts,1.0,0.28,CANDIDATE_PARTIAL,CHAIN_RUNTIME_EXERCISED,"type (main/sub/supply/consultant/lease), project, parties (+roles), form (FIDIC/خاص/…)، version، value، currency، start/end، DLP، payment_terms، retention%، advance%، LD formula & cap، governing_law، dispute_clause، status"
D04,ContractDocument,contract_claims,0.5,0.25,CANDIDATE_PARTIAL,,"contract, doc, precedence_order, version"
D04,ContractClause,contract_clauses,1.0,0.33,CANDIDATE_PARTIAL,,"contract, ref, title, text, category (payment/time/variation/claim/termination/insurance…), obligations_generated"
D04,Obligation,contract_claims,0.0,0.29,CANDIDATE_PARTIAL,,"contract, clause_ref, party, description, trigger (date/event), due_rule (days after trigger), consequence, owner, status, evidence"
D04,Notice,contract_claims,0.0,0.29,CANDIDATE_PARTIAL,,"contract, type, event_ref, deadline, sent_at, proof, response_due"
D04,Variation (VO),variations,1.0,0.38,CANDIDATE_PARTIAL,,"contract, number, origin, description, status, est_value, est_time_impact, instructed_at, approved_value/time, linked_items"
D04,VariationItem,variation_boq_lines,0.5,0.33,CANDIDATE_PARTIAL,,"vo, boq_item_ref (جديد/معدل/ملغى), qty, rate, basis (contract rate/derived/daywork/lump)"
D04,ExtensionOfTime,contract_claims,0.0,0.67,CANDIDATE_PARTIAL,,"contract, event, claimed_days, granted_days, cost_claimed, basis, analysis_ref, status"
D04,Claim,contract_claims,1.0,0.4,CANDIDATE_PARTIAL,,"contract, type (time/cost/both), events, entitlement_basis, quantum, status, dossier_ref"
D04,ClaimEvidence,,0.5,0.12,CANDIDATE_ABSENT,,"claim, evidence_type, source_ref (document/report/photo/email), date, relevance"
D04,Guarantee,payments,0.0,0.4,CANDIDATE_PARTIAL,CHAIN_RUNTIME_EXERCISED,"type, issuer(bank), beneficiary, amount, currency, start/end, status, renewal_rule"
D04,LDRecord,contracts,0.0,0.56,CANDIDATE_PARTIAL,CHAIN_RUNTIME_EXERCISED,"contract, period, delay_days, rate, amount, cap_remaining, status"
D04,ContractValueLedger,,0.33,0.2,CANDIDATE_ABSENT,,"contract, original, VOs, adjustments, revised"
D04,Dispute,,0.0,0.22,CANDIDATE_ABSENT,,"contract, matter, forum (DAB/arbitration/court)، stage، amounts، deadlines"
D05,Schedule,,1.0,0.1,CANDIDATE_ABSENT,,"project, name, type (baseline/working/what-if/updated), version, status_date, calendar_default, source (native/imported), parent_baseline"
D05,WBS,ai_agents,0.0,0.5,CANDIDATE_PARTIAL,,"project, parent, code, name, level, owner, weight"
D05,Activity,schedule_activities,0.0,0.27,CANDIDATE_PARTIAL,,"schedule, wbs, code, name, type (task/milestone/LOE/WBS summary), duration_orig/remaining, start/finish (planned/early/late/actual), float (total/free), constraint, calendar, % complete (type), status"
D05,Relationship,schedule_relationships,1.0,0.25,CANDIDATE_PARTIAL,,"pred, succ, type (FS/SS/FF/SF), lag, calendar"
D05,Calendar,site_diary,0.0,0.29,CANDIDATE_PARTIAL,,"work-week, exceptions, holidays, shifts, weather rules"
D05,ActivityResourceAssignment,resource_library,0.33,0.33,CANDIDATE_PARTIAL,,"activity, resource, units/day, qty, cost"
D05,ActivityBOQLink,ipc_boq_lines,0.0,0.5,CANDIDATE_PARTIAL,,"activity, boq_item, weight, quantity_share"
D05,ProgressRecord,progress_updates,0.5,0.25,CANDIDATE_PARTIAL,,"activity/boq_item, date, quantity_done, source (site report/inspection/measurement), approved_by, evidence"
D05,Baseline,,1.0,0.0,CANDIDATE_ABSENT,,"schedule snapshot (full), reason, approved_by"
D05,Constraint/Readiness (Make-Ready),boq_master,0.0,0.3,CANDIDATE_PARTIAL,CHAIN_RUNTIME_EXERCISED,"activity, constraint type (materials/design/equipment/labor/permit), owner, due, status"
D05,EVMSnapshot,,0.0,0.17,CANDIDATE_ABSENT,,"project/WBS, date, PV, EV, AC, CPI, SPI, EAC, ETC, method"
D05,CashflowForecast,cash_flow_forecast,0.5,0.5,CANDIDATE_PRESENT,,"project, scenario, period, inflow, outflow, cumulative, assumptions"
D05,DelayEvent,,0.5,0.0,CANDIDATE_ABSENT,,"schedule, event_ref (D04), window, critical_impact_days, responsibility, method"
D05,Risk-on-schedule,schedule_activities,0.5,0.4,CANDIDATE_PARTIAL,,"activity, risk, duration_range, probability"
D06,PurchaseRequisition / Line,material_requisitions,0.33,0.29,CANDIDATE_PARTIAL,CHAIN_RUNTIME_EXERCISED,"project, requester, boq_item/package_ref, cost_code, item/spec, qty, uom, need_date, est_value, budget_check, status"
D06,RFQ / RFQLine / RFQInvite,purchase_orders,0.0,0.6,CANDIDATE_PARTIAL,CHAIN_RUNTIME_EXERCISED,"pr_ref, vendors, issue/close date, terms, status"
D06,Quotation,vendor_quotations,1.0,0.78,CANDIDATE_PRESENT,CHAIN_RUNTIME_EXERCISED,"rfq, vendor, lines, validity, delivery, payment_terms, currency, attachments"
D06,QuoteComparison,comparative_statements,0.0,0.29,CANDIDATE_PARTIAL,CHAIN_RUNTIME_EXERCISED,"rfq, criteria/weights, scores, selected, justification, approver"
D06,Vendor (مرجع D01) + VendorProfile,vendors_subcontractors,0.33,0.25,CANDIDATE_PARTIAL,CHAIN_RUNTIME_EXERCISED,"prequal_status, categories, rating, blacklist flag, documents/expiry"
D06,VendorEvaluation,vendors_subcontractors,0.5,0.25,CANDIDATE_PARTIAL,CHAIN_RUNTIME_EXERCISED,"vendor, period, quality, delivery, price, service, HSE, score"
D06,PurchaseOrder / POLine,purchase_orders,0.67,0.75,CANDIDATE_PRESENT,CHAIN_RUNTIME_EXERCISED,"vendor, project, currency, terms, total, version, framework_ref, approval_state, status"
D06,POAmendment,cost_adjustment_requests,0.0,0.5,CANDIDATE_PARTIAL,,"po, before/after, reason, approvals"
D06,FrameworkAgreement,accounts_payable,0.0,0.29,CANDIDATE_PARTIAL,CHAIN_RUNTIME_EXERCISED,"vendor, items, rates, validity, ceiling, consumed, status"
D06,GoodsReceipt (GRN) / Line,grn_lines,0.5,0.71,CANDIDATE_PRESENT,CHAIN_RUNTIME_EXERCISED,"po_line, received, accepted, rejected, reason, location, inspection_ref"
D06,SupplierInvoice / Line,vendor_invoices,0.33,0.89,CANDIDATE_PRESENT,CHAIN_RUNTIME_EXERCISED,"vendor, po, grn, amounts, tax, due_date, match_status, hold_reason"
D06,MatchResult,invoice_match_results,1.0,0.5,CANDIDATE_PRESENT,CHAIN_RUNTIME_EXERCISED,"invoice, po, grn, variance qty/price/tax, tolerance, outcome"
D06,Commitment,,0.0,0.2,CANDIDATE_ABSENT,,"po/line, cost_code, committed, invoiced, remaining"
D06,Shipment / CustomsFile,,0.0,0.14,CANDIDATE_ABSENT,,"po, incoterm, stages, ETA, docs, duties (مرجعية), landed_cost"
D06,ExpediteLog,approval_actions_log,0.5,0.33,CANDIDATE_PARTIAL,CHAIN_RUNTIME_EXERCISED,"po, action, promised_date, outcome"
D07,SubcontractorPrequal,vendors_subcontractors,0.5,0.33,CANDIDATE_PARTIAL,CHAIN_RUNTIME_EXERCISED,"vendor, criteria, scores, documents/expiry, outcome"
D07,SubPackage / Line,ipc_boq_lines,0.33,0.29,CANDIDATE_PARTIAL,,"project, boq_items, quantities, budget, target_margin, status"
D07,SubTender / SubBid / Comparison,,0.0,0.2,CANDIDATE_ABSENT,,"package, invitees, bids, scores, justification"
D07,SubContract,contracts,0.5,0.56,CANDIDATE_PRESENT,CHAIN_RUNTIME_EXERCISED,"package, subcontractor, value, currency, terms, retention%, advance%, LD terms, guarantees, status, version"
D07,SubContractItem,project_boq,0.0,0.71,CANDIDATE_PARTIAL,,"contract, boq_ref, qty, rate, amount, stable_item_id"
D07,WorkOrder,subcontracts,0.0,0.8,CANDIDATE_PARTIAL,,"contract, scope, qty/value, dates, status"
D07,MeasurementSheet / Line,ipc_boq_lines,0.33,0.25,CANDIDATE_PARTIAL,,"contract_item, period, qty, source (D08), approvals, photos"
D07,PaymentCertificate (Sub IPC),subcontract_certificates,0.25,0.75,CANDIDATE_PRESENT,,"contract, period_no, gross_to_date, previous, current, deductions, net, status"
D07,IPCDeduction,ipcs,0.0,0.44,CANDIDATE_PARTIAL,CHAIN_RUNTIME_EXERCISED,"ipc, type (advance/retention/backcharge/penalty/tax/other), basis, amount, ref"
D07,BackCharge,contract_claims,0.0,0.6,CANDIDATE_PARTIAL,,"contract, cause, evidence, amount, status"
D07,SubVO,variations,0.0,0.57,CANDIDATE_PARTIAL,,"contract, description, value/time, link_to_owner_vo, status"
D07,OwnerIPC,ipcs,0.0,0.89,CANDIDATE_PARTIAL,CHAIN_RUNTIME_EXERCISED,"main_contract, period, cumulative, previous, advance recovery, retention, VO, net"
D07,Guarantee (ref),contracts,0.0,0.67,CANDIDATE_PARTIAL,CHAIN_RUNTIME_EXERCISED,"type (performance/advance/retention), amount, expiry, status"
D07,FinalAccount,,0.5,0.0,CANDIDATE_ABSENT,,"contract, summary, adjustments, settlement, release"
D07,MarginView,ipcs,0.0,0.43,CANDIDATE_PARTIAL,CHAIN_RUNTIME_EXERCISED,"package/contract, sold, committed, paid, certified, forecast"
D08,DailyReport,,0.0,0.2,CANDIDATE_ABSENT,,"project, date, weather, shift, status, author, approver"
D08,DR_Labor / DR_Equipment,diary_equipment,0.5,0.33,CANDIDATE_PARTIAL,,"report, trade/contractor, count, hours; equipment, status, hours, idle_reason"
D08,DR_Work / ExecutedQuantity,quantity_sheets,0.33,0.44,CANDIDATE_PARTIAL,,"report, boq_item/activity, location, qty, uom, photos, qa_status"
D08,DR_Material / DR_Delay / DR_Incident,,0.33,0.0,CANDIDATE_ABSENT,,استلام مواد، عوائق وسببها وأثرها، حوادث (مرجع D10)
D08,Location/Zone,,0.0,0.0,CANDIDATE_ABSENT,,"project, hierarchy (مبنى/دور/منطقة/غرفة), geometry ref"
D08,RFI,rfis,0.0,0.7,CANDIDATE_PARTIAL,,"no, subject, drawing_refs, question, raised_by, assigned_to, due, response, status, impact"
D08,Submittal,submittals,1.0,0.6,CANDIDATE_PRESENT,,"no, type, spec_ref, revisions, status, due, reviewer"
D08,SubmittalRevision,,0.5,0.2,CANDIDATE_ABSENT,,"submittal, rev, file, decision, comments"
D08,DrawingRegister / DrawingRevision,drawings,0.33,0.57,CANDIDATE_PRESENT,,"no, title, discipline, rev, status, issued_date, supersedes, file"
D08,ShopDrawing,drawings,0.5,0.4,CANDIDATE_PARTIAL,,"drawing, contractor, review cycle, status"
D08,InspectionRequest,cost_adjustment_requests,0.5,0.38,CANDIDATE_PARTIAL,,"boq_item, location, drawing_rev, inspection type, status, ref D09"
D08,SiteInstruction,,1.0,0.0,CANDIDATE_ABSENT,,"no, from, text, date, impact_time/cost, claim_ref"
D08,Meeting / Minute / ActionItem,,0.25,0.17,CANDIDATE_ABSENT,,"attendees, items, decisions, owner, due, status"
D08,Photo,,0.0,0.11,CANDIDATE_ABSENT,,"file, taken_at (device + server), geo, location_ref, linked_entity, hash"
D08,SnagItem / HandoverPack,punch_lists,0.0,0.5,CANDIDATE_PARTIAL,,"location, defect, responsible, due, status, photos"
D08,SyncBatch / Conflict,,0.0,0.2,CANDIDATE_ABSENT,,"device, batch, items, outcome, resolution"
D09,QualityPlan,ai_runs,0.0,0.4,CANDIDATE_PARTIAL,,"project, version, scope, standards_refs, status, approver"
D09,ITPTemplate / ITP,ipcs,0.0,1.0,CANDIDATE_PARTIAL,CHAIN_RUNTIME_EXERCISED,"work_type, version, status"
D09,ITPStep,,0.0,0.08,CANDIDATE_ABSENT,,"itp, seq, activity, criteria_ref, point_type (review/witness/hold), responsible_role, record_form"
D09,InspectionRequest (IR),cost_adjustment_requests,0.5,0.36,CANDIDATE_PARTIAL,,"project, itp_step, location, element_ref, wbs_ref, boq_item, requested_by, requested_at, due_at, status, result"
D09,InspectionChecklist / Result,,0.67,0.0,CANDIDATE_ABSENT,,"ir, items (pass/fail/NA + قياس), photos, signatories, geo/time"
D09,HoldPointRelease,,0.0,0.0,CANDIDATE_ABSENT,,"ir, released_by, at, conditions"
D09,MaterialSample,,0.5,0.0,CANDIDATE_ABSENT,,"pour/batch, element, material, sampled_at, lab, test_schedule"
D09,TestResult,,0.5,0.0,CANDIDATE_ABSENT,,"sample, test_type, standard_ref, value, unit, acceptance_min/max, verdict, lab_cert_ref"
D09,Lab / LabAccreditation,integration_connections,0.0,0.67,CANDIDATE_PARTIAL,,"name, scope, certificate, valid_to, status"
D09,NCR,ncrs,0.0,0.46,CANDIDATE_PARTIAL,,"ref, project, classification, severity, description, location, source_ref (IR/test/audit), root_cause, disposition, cost_impact, status"
D09,CAR / CorrectiveAction,ncrs,0.0,0.43,CANDIDATE_PARTIAL,,"ncr/audit, action, owner, due, verification, status"
D09,SnagItem,,0.5,0.1,CANDIDATE_ABSENT,,"location, description, trade, responsible_party, photos, priority, status, closed_evidence"
D09,CalibrationRecord,subcontract_certificates,0.0,0.43,CANDIDATE_PARTIAL,,"instrument, last_cal, next_due, certificate, status"
D09,SupplierQualityRecord,,0.0,0.17,CANDIDATE_ABSENT,,"supplier, deliveries_inspected, rejected, score_inputs"
D09,AuditPlan / Audit,integration_connections,0.0,0.67,CANDIDATE_PARTIAL,,"scope, date, findings, status"
D09,HandoverDossier,accounts_payable,0.0,0.4,CANDIDATE_PARTIAL,CHAIN_RUNTIME_EXERCISED,"system/zone, included_records, status"
D10,HSEPlan,integration_connections,0.0,0.67,CANDIDATE_PARTIAL,,"project, version, scope, status, approver"
D10,RiskAssessment / RiskItem,,0.33,0.0,CANDIDATE_ABSENT,,"activity_ref, hazard, likelihood, severity, score (حسب المصفوفة)، controls, residual, owner"
D10,JSA / MethodStatement,method_statements,0.67,0.33,CANDIDATE_PARTIAL,,"activity, steps, hazards, controls, approvals, validity"
D10,PermitToWork,,1.0,0.08,CANDIDATE_ABSENT,,"type, location, work_desc, period, requester, issuer, workers, equipment_refs, jsa_ref, precautions, status"
D10,PermitCheck / Closure,permits_to_work,0.33,0.25,CANDIDATE_PARTIAL,,"permit, checks, signatures, closure"
D10,IncidentReport,incidents,0.5,0.31,CANDIDATE_PARTIAL,,"type (injury/near-miss/property/environmental/…), severity, datetime, location, persons, description, immediate_actions, status"
D10,Injury / MedicalCase,,0.0,0.12,CANDIDATE_ABSENT,,"person, body part, treatment, lost_days, restricted_days, return_date"
D10,Investigation,incidents,0.0,0.29,CANDIDATE_PARTIAL,,"incident, team, timeline, evidence, causes, findings, status"
D10,CorrectiveAction,accounts_payable,0.0,0.5,CANDIDATE_PARTIAL,CHAIN_RUNTIME_EXERCISED,"source, action, owner, due, verification, status"
D10,Inspection / Audit,inspection_checklists,0.5,0.5,CANDIDATE_PRESENT,,"type, checklist, findings, score, status"
D10,CompetencyRequirement,,0.0,0.2,CANDIDATE_ABSENT,,"role/task, training_type, validity_rule"
D10,TrainingRecord,ai_models,0.0,0.25,CANDIDATE_PARTIAL,,"person, course, date, provider, certificate, valid_to"
D10,ToolboxTalk,toolbox_talks,1.0,0.67,CANDIDATE_PRESENT,,"topic, date, conductor, attendees"
D10,PPEIssue,,0.0,0.17,CANDIDATE_ABSENT,,"person, item, qty, issued_at, replace_due"
D10,EmergencyPlan / Drill,permissions,0.0,0.33,CANDIDATE_PARTIAL,CHAIN_RUNTIME_EXERCISED,"scope, roles, assembly points, drill_results"
D10,EnvMonitoring,projects,0.0,0.33,CANDIDATE_PARTIAL,CHAIN_RUNTIME_EXERCISED,"parameter, location, value, unit, limit_ref, verdict"
D10,WasteRecord,,0.0,0.0,CANDIDATE_ABSENT,,"type, qty, handler, manifest_ref"
D10,ContractorHSEProfile,drawings,0.0,0.5,CANDIDATE_PARTIAL,,"subcontractor, scores, documents, status"
D10,StopWorkEvent,,0.33,0.0,CANDIDATE_ABSENT,,"scope, raised_by, reason, lifted_by, conditions"
D10,ExposureHours,approval_workflow_steps,0.0,0.33,CANDIDATE_PARTIAL,,"project, company, period, hours"
D11,Equipment (Asset),assets_equipment,1.0,0.25,CANDIDATE_PARTIAL,,"code, category, make, model, serial, year, ownership (owned/rented/leased/subcontractor), owner_entity, status, current_project, location, meter_type"
D11,EquipmentCategory,,0.5,0.14,CANDIDATE_ABSENT,,"name, default rates policy, maintenance template, certificate requirements"
D11,EquipmentDocument,documents,0.5,0.5,CANDIDATE_PRESENT,,"equipment, type, number, issuer, valid_to, status"
D11,Allocation,ai_agents,0.0,0.67,CANDIDATE_PARTIAL,,"equipment, project, from, to, purpose, status"
D11,TransferRecord,,0.0,0.2,CANDIDATE_ABSENT,,"equipment, from_site, to_site, condition_out/in, date, transport_ref"
D11,UsageLog,equipment_usage,0.5,0.31,CANDIDATE_PARTIAL,,"equipment, date, project, activity/cost_code, operator, hours_worked, hours_idle, hours_breakdown, meter_start/end, remarks, status"
D11,OperatorAssignment,,0.0,0.2,CANDIDATE_ABSENT,,"equipment, operator (D12), from, to, license_check"
D11,FuelTransaction,cost_transactions,0.5,0.33,CANDIDATE_PARTIAL,CHAIN_RUNTIME_EXERCISED,"equipment, date, qty, meter, source, cost, issued_by"
D11,MaintenancePlan,,0.5,0.0,CANDIDATE_ABSENT,,"equipment/category, trigger (hours/days/km), tasks, parts"
D11,WorkOrder,,0.5,0.17,CANDIDATE_ABSENT,,"equipment, type (PM/CM/inspection), priority, reported_at, started_at, completed_at, parts, labor, cost, root_cause, status"
D11,Breakdown / Downtime,ncrs,0.0,0.43,CANDIDATE_PARTIAL,,"equipment, start, end, cause, impact_activity, cost"
D11,InternalRate,,0.5,0.11,CANDIDATE_ABSENT,,"category/equipment, basis (hour/idle hour/month), rate, validity, version, approval"
D11,ChargeRun / Charge,boq_master,0.0,0.6,CANDIDATE_PARTIAL,CHAIN_RUNTIME_EXERCISED,"period, project, equipment, hours, rate, amount"
D11,RentalContract,contracts,0.5,0.29,CANDIDATE_PARTIAL,CHAIN_RUNTIME_EXERCISED,"supplier, equipment_spec, rates (hour/day/month), min_hours, standby_terms, fuel/operator terms, period, status"
D11,RentalInvoiceMatch,invoice_match_results,0.67,0.4,CANDIDATE_PARTIAL,CHAIN_RUNTIME_EXERCISED,"invoice, contract, usage logs, variance"
D11,TelematicsDevice / Event,diary_equipment,0.0,0.33,CANDIDATE_PARTIAL,,"device, equipment, position, engine_hours, alerts"
D11,AssetFinancials,,0.5,0.1,CANDIDATE_ABSENT,,"cost, acquisition_date, useful_life, residual, depreciation_method_ref, book_value, disposal"
D12,Employee,employees,1.0,0.27,CANDIDATE_PARTIAL,,"emp_no, legal_name (ar/en), national_id/passport (مشفر), dob, nationality, gender, contact, status, hire_date, legal_entity"
D12,EmployeeContract,,0.5,0.18,CANDIDATE_ABSENT,,"employee, type (permanent/fixed/project/daily), start/end, grade, base_salary, currency, allowances[], version"
D12,OrgPosition,,1.0,0.0,CANDIDATE_ABSENT,,"code, title, department, reports_to, grade, headcount_approved, cost_center, status"
D12,Requisition / Candidate / Offer,leads,0.0,0.33,CANDIDATE_PARTIAL,CHAIN_RUNTIME_EXERCISED,"position, source, stage, evaluation, offer terms"
D12,ProjectAssignment,timesheets,0.0,0.5,CANDIDATE_PARTIAL,,"employee, project, role, from/to, allocation%, cost_code_default, status"
D12,Shift / AttendanceRule,,0.33,0.0,CANDIDATE_ABSENT,,"calendar, start/end, grace, break, overtime rules (مرجع Country Pack)"
D12,AttendanceEvent,,0.5,0.08,CANDIDATE_ABSENT,,"employee/worker, device, site, ts, type (in/out), source (biometric/manual/mobile), geo, offline_sync_id"
D12,DailyAttendance,attendance,0.5,0.57,CANDIDATE_PRESENT,,"employee, date, worked_hours, regular, overtime, status, approved_by"
D12,Timesheet / TimesheetLine,timesheets,0.5,1.0,CANDIDATE_PRESENT,,"employee, date, project, cost_code, activity, hours, status"
D12,LeaveType / LeaveBalance / LeaveRequest,,0.67,0.2,CANDIDATE_ABSENT,,"accrual rule, balance, dates, status, approver"
D12,PayElement,payroll_lines,0.0,0.25,CANDIDATE_PARTIAL,,"code, type (earning/deduction/employer-cost), formula_ref, taxable/insurable flags"
D12,PayrollRun / PayslipLine,payroll_lines,0.5,0.29,CANDIDATE_PARTIAL,,"period, entity, status, employee, element, amount, currency"
D12,StatutoryProfile,,0.0,0.2,CANDIDATE_ABSENT,,"country, social_insurance_no, tax_id, rates ref (مرجع)"
D12,EndOfService,users,0.0,0.33,CANDIDATE_PARTIAL,CHAIN_RUNTIME_EXERCISED,"employee, reason, last_day, entitlements, calc_version"
D12,IdentityDocument,,0.5,0.18,CANDIDATE_ABSENT,,"employee, type (residency/visa/work permit/license/medical), no, issue/expiry, sponsor, status"
D12,Camp / Room / Bed / Occupancy,,0.0,0.2,CANDIDATE_ABSENT,,"camp, capacity, occupant, from/to, status, charges"
D12,DailyWorker / SubcontractWorker,,0.33,0.17,CANDIDATE_ABSENT,,"national_id, trade, rate_class, subcontractor_ref, project, status"
D12,Appraisal / TrainingRecord,,0.0,0.17,CANDIDATE_ABSENT,,"cycle, ratings, goals / course, date, expiry, certificate"
D13,LegalEntity / FiscalCalendar / Period,fiscal_periods,0.4,0.44,CANDIDATE_PARTIAL,CHAIN_RUNTIME_EXERCISED,"entity, base_currency, year, period, status (open/soft/closed)"
D13,ChartOfAccount / Account,,1.0,0.12,CANDIDATE_ABSENT,,"code, name (ar/en), type, normal_balance, parent, entity_scope, status, cbs_required"
D13,CostCode ↔ Account Mapping,,0.33,0.2,CANDIDATE_ABSENT,,"cost_code (D03), account, rule, effective_from"
D13,JournalEntry / JournalLine,manual_journal_entry_lines,1.0,0.29,CANDIDATE_PARTIAL,,"entity, date, period, source_module, source_ref, status, lines[account, debit, credit, currency, fx_rate, cost_code, project, party, dimension]"
D13,Dimension,project_boq,0.0,0.5,CANDIDATE_PARTIAL,,"project, cost_code, department, partner, contract"
D13,Currency / FXRate,exchange_rates,0.0,0.33,CANDIDATE_PARTIAL,,"pair, rate, date, source, type (spot/avg/closing)"
D13,Vendor/Customer (Party financial),vendor_quotations,0.25,0.33,CANDIDATE_PARTIAL,CHAIN_RUNTIME_EXERCISED,"payment_terms, bank, tax_id, withholding profile"
D13,APInvoice / ARInvoice,vendor_invoices,0.0,0.67,CANDIDATE_PARTIAL,CHAIN_RUNTIME_EXERCISED,"party, doc_no, date, due, amount, tax, currency, matched_refs, status"
D13,Payment / Receipt / Allocation,payments,0.33,0.83,CANDIDATE_PRESENT,CHAIN_RUNTIME_EXERCISED,"method, bank_account, amount, allocations[], status"
D13,BankAccount / BankStatementLine / Reconciliation,,0.4,0.17,CANDIDATE_ABSENT,,"statement line, matched journal, status, diff"
D13,Commitment,boq_master,0.0,0.5,CANDIDATE_PARTIAL,CHAIN_RUNTIME_EXERCISED,"source (PO/subcontract), cost_code, amount, invoiced, remaining"
D13,Budget / BudgetRevision,budgets,0.5,0.67,CANDIDATE_PRESENT,,"cost_code, amount, version, status"
D13,RetentionLedger,,1.0,0.0,CANDIDATE_ABSENT,,"contract, party, held, released, due_date, direction"
D13,GuaranteeRecord,accounts_payable,0.0,0.4,CANDIDATE_PARTIAL,CHAIN_RUNTIME_EXERCISED,"type, issuer, amount, expiry, status (مرجع D17)"
D13,WIPSnapshot,ai_agents,0.0,0.33,CANDIDATE_PARTIAL,,"project, period, cost_to_date, billed, recognized, method, policy_version"
D13,RevenueRecognitionPolicy,contract_claims,0.0,0.5,CANDIDATE_PARTIAL,,"contract_type, method, params, version, approved_by"
D13,FixedAssetRegister,assets_equipment,0.33,0.29,CANDIDATE_PARTIAL,,"asset (D11), cost, depreciation_policy, accumulated, status"
D13,IntercompanyPair,manual_journal_entries,0.0,0.67,CANDIDATE_PARTIAL,,"entity_a, entity_b, journal_a, journal_b, status"
D13,TaxCode / TaxLedger,,0.5,0.2,CANDIDATE_ABSENT,,"code, rate_ref (Country Pack), direction, account"
D13,PeriodCloseChecklist,fiscal_periods,0.33,0.4,CANDIDATE_PARTIAL,CHAIN_RUNTIME_EXERCISED,"period, item, owner, status, evidence"
D14,Item,,1.0,0.0,CANDIDATE_ABSENT,,"code, name (ar/en), category, base_uom, tracking (none/lot/serial), shelf_life, specs, qc_required, valuation_group, resource_ref (D03), status"
D14,ItemUoM,inventory_items,1.0,0.25,CANDIDATE_PARTIAL,CHAIN_RUNTIME_EXERCISED,"item, uom, conversion_factor"
D14,Warehouse,,1.0,0.0,CANDIDATE_ABSENT,,"code, type (central/site/yard/transit/quarantine/rejected), entity, project, address, manager, status"
D14,Location/Bin,goods_receipt_notes,0.0,0.33,CANDIDATE_PARTIAL,CHAIN_RUNTIME_EXERCISED,"warehouse, code, zone, capacity"
D14,StockBalance,,0.0,0.17,CANDIDATE_ABSENT,,"item, warehouse, bin, lot/serial, qty_on_hand, qty_reserved, qty_available, qty_in_transit, qc_status, value"
D14,StockMovement,,0.0,0.15,CANDIDATE_ABSENT,,"type (GRN/Issue/Transfer/Return/Adjust/Scrap/Surplus), item, qty, uom, from/to, lot/serial, cost_code, work_package, ref_doc, unit_cost, ts, user, device, offline_id"
D14,GoodsReceipt,,1.0,0.14,CANDIDATE_ABSENT,,"PO ref (D06), supplier, delivery_note, lines[], inspection_required, status"
D14,IssueNote,cost_adjustment_requests,0.0,0.44,CANDIDATE_PARTIAL,,"requester, work_package/BOQ item, cost_code, lines, receiver, status"
D14,TransferOrder,purchase_orders,0.5,0.25,CANDIDATE_PARTIAL,CHAIN_RUNTIME_EXERCISED,"from, to, lines, status, shipped/received"
D14,ReturnNote,cost_adjustment_requests,0.0,0.33,CANDIDATE_PARTIAL,,"type (to supplier/to store), reason, ref"
D14,Reservation,subcontracts,0.0,0.43,CANDIDATE_PARTIAL,,"item, qty, work_package, needed_date, expiry, status"
D14,Stocktake / StocktakeLine,,0.5,0.11,CANDIDATE_ABSENT,,"scope, type (periodic/cycle/spot), counted, system, variance, reason, status"
D14,ReorderPolicy,delegation_of_authority,0.0,0.29,CANDIDATE_PARTIAL,CHAIN_RUNTIME_EXERCISED,"item, warehouse, min, max, lead_time, method"
D14,ValuationPolicy,,0.0,0.17,CANDIDATE_ABSENT,,"group, method (weighted average/FIFO/…), effective_from, version"
D14,ConsumptionNorm,boq_rate_buildup,0.0,0.43,CANDIDATE_PARTIAL,CHAIN_RUNTIME_EXERCISED,"item/resource, BOQ item, theoretical coefficient, waste%, source/version"
D14,ScrapSurplus,boq_master,0.0,0.25,CANDIDATE_PARTIAL,CHAIN_RUNTIME_EXERCISED,"item, qty, cause, decision (reuse/sell/dispose), approval"
D14,Barcode/QRTag,quantity_sheets,0.0,0.4,CANDIDATE_PARTIAL,,"item/lot/location/pallet, code, printed_at"
D15,Document (هوية),documents,1.0,0.36,CANDIDATE_PARTIAL,,"doc_id ثابت، project, doc_number, title (ar/en), type, discipline, originator, classification (سرية), current_revision_id, status_code, retention_class"
D15,DocumentRevision,document_versions,0.5,0.42,CANDIDATE_PARTIAL,,"doc, rev_code, rev_date, file_ref, sha256, size, mime, status_code, issue_purpose, uploaded_by, supersedes_id, ocr_status"
D15,MetadataSchema,,0.5,0.0,CANDIDATE_ABSENT,,نوع المستند ← حقول مطلوبة/اختيارية، قوائم قيم، إصدار
D15,NumberingRule,,0.5,0.0,CANDIDATE_ABSENT,,نمط (مثل `{PROJ}-{ORIG}-{TYPE}-{DISC}-{SEQ}`)، فحص تكرار، تسلسلات
D15,StatusCodeSet,,0.0,0.0,CANDIDATE_ABSENT,,رموز الحالة وصلاحية الانتقال (CDE-style: WIP / Shared / Published / Archived) + رموز الاستخدام (للمراجعة/للتنفيذ)، كلها قابلة للإعداد
D15,Transmittal / TransmittalLine,,1.0,0.0,CANDIDATE_ABSENT,,"no, from, to[], purpose, due_date, lines(doc_rev), sent_at, opened_at, acked_at, delivery_channel"
D15,Submittal,,1.0,0.17,CANDIDATE_ABSENT,,"contract, spec_ref, type (material/shop/sample/method), cycle, ball_in_court, due_by_contract, response_code, stamp_id"
D15,RFI,rfis,0.0,0.67,CANDIDATE_PARTIAL,,"project, question, from/to, discipline, due, response, cost/time impact flag, linked_vo"
D15,Correspondence,,0.0,0.14,CANDIDATE_ABSENT,,"direction (in/out), ref_no, date_on_letter, date_received/sent, from, to, cc, subject, requires_reply, reply_due, related_contract_clause, related_notice_id, channel"
D15,MeetingMinutes / ActionItem,cost_adjustment_requests,0.0,0.38,CANDIDATE_PARTIAL,,"meeting, attendees, items, owner, due, status, linked_correspondence"
D15,DistributionMatrix,incidents,0.0,0.5,CANDIDATE_PARTIAL,,doc_type × discipline × party × action (للمعلومة/للمراجعة/للاعتماد)
D15,ReviewStamp,,0.0,0.0,CANDIDATE_ABSENT,,نص الختم، مراجع، تاريخ، رد، توقيع (حسب المتاح) بإصدار
D15,AccessGrant,,0.5,0.0,CANDIDATE_ABSENT,,"principal (مستخدم/طرف), scope (مشروع/مجلد/نوع), level (view/download/comment/upload), expires_at, watermark_policy"
D15,ExternalShare,,0.0,0.0,CANDIDATE_ABSENT,,رابط، مستلم، انتهاء، كلمة سر، عدد مرات، سجل
D15,RetentionPolicy / LegalHold,,0.25,0.0,CANDIDATE_ABSENT,,فئة، مدة، حدث بدء الاحتفاظ، إجراء نهائي؛ نطاق الـ Hold وسببه
D15,ObligationLink,,0.0,0.0,CANDIDATE_ABSENT,,وثيقة ←→ التزام تعاقدي (D04)، مهلة، حالة
D15,EvidencePack,users,0.0,1.0,CANDIDATE_PARTIAL,CHAIN_RUNTIME_EXERCISED,عناصر مختارة، ختم زمني، Hash للحزمة، مالك، سبب
D16,DrawingSheet,drawings,0.5,0.25,CANDIDATE_PARTIAL,,doc_id (D15)، sheet_no، title، scale، discipline، zone/level، current_rev، status، set (حزمة)
D16,DrawingRevision,,0.5,0.0,CANDIDATE_ABSENT,,sheet، rev، date، change_description، clouds_ref، changed_by، reason (design change/coordination/RFI/as-built)، diff_ref
D16,ModelFile / ModelVersion,,0.5,0.09,CANDIDATE_ABSENT,,project، discipline، format (IFC/…)، source_tool، version، published_by، georef، units، quality_report_id، status
D16,ModelElement (Index),,0.33,0.22,CANDIDATE_ABSENT,,model_version، guid، type/class، level، zone، system، properties (JSON)، quantity_properties
D16,ElementLink,,0.0,0.23,CANDIDATE_ABSENT,,element_guid ←→ boq_item / cost_code / wbs / activity / asset، basis (حجم/مساحة/عدد/طول)، conversion_rule، confidence، reviewed_by
D16,InformationRequirement,,0.0,0.0,CANDIDATE_ABSENT,,نوع العنصر ← خصائص مطلوبة، قيم مسموحة، مرحلة
D16,ModelQualityReport,,0.33,0.0,CANDIDATE_ABSENT,,قواعد، مخالفات بعدد، مثال عناصر، نسبة نجاح
D16,ClashTest / ClashResult,invoice_match_results,0.33,0.4,CANDIDATE_PARTIAL,CHAIN_RUNTIME_EXERCISED,test، model_a، model_b، tolerance، results، snapshot
D16,DesignIssue (BCF-style),,0.0,0.21,CANDIDATE_ABSENT,,title، type (clash/coordination/RFI/quality)، elements[]، viewpoint، assigned_to، priority، due، status، comments، resolution_model_ref
D16,DesignChange,ncrs,0.0,0.36,CANDIDATE_PARTIAL,,change_no، from_rev، to_rev، initiator، cause، impact_qty، impact_cost_est، impact_activities، status، linked_vo
D16,VEProposal,,0.0,0.0,CANDIDATE_ABSENT,,الأصل، البديل، تقدير توفير، أثر مدة/جودة/مخاطر، موافقات
D16,SpecItem / SpecLibrary,boq_rate_buildup,0.0,1.0,CANDIDATE_PARTIAL,CHAIN_RUNTIME_EXERCISED,قسم، رقم، نص (ar/en)، إصدار، مرتبط ببنود BOQ ومواد معتمدة
D16,CalcNote (سجل مذكرات حسابية),,0.0,0.0,CANDIDATE_ABSENT,,رقم، تخصص، موضوع، المُعد، المُراجع، ملف، مراجعة، حالة، ملاحظة اعتماد المصمم المسؤول
D16,AsBuiltRecord,ai_models,0.0,0.25,CANDIDATE_PARTIAL,,sheet، markup_ref، surveyor، date، approved_by
D16,HandoverPackage / AssetDataRow,,0.2,0.0,CANDIDATE_ABSENT,,نظام/معدة، موقع، مصنّع، موديل، ضمان، أدلة، صيانة دورية، مرجع D11
D17,RiskRegister,ai_agents,0.0,0.38,CANDIDATE_PARTIAL,,level (enterprise/portfolio/project/tender)، owner، scope، methodology_id، status
D17,Risk,,0.0,0.17,CANDIDATE_ABSENT,,register، title (ar/en)، category، cause/event/effect، owner، probability، impact[dims]، score، velocity/proximity، status، trigger، response_strategy، residual_score، linked_entity (activity/contract/tender/package)
D17,RiskScale,,0.0,0.0,CANDIDATE_ABSENT,,مقاييس الاحتمال والأثر ومصفوفة الدرجات وعتبات الألوان، بإصدار
D17,MitigationAction,ai_agents,0.0,0.5,CANDIDATE_PARTIAL,,risk، description، owner، due، cost، status، effectiveness_check
D17,RiskQuant,ai_agents,0.0,0.3,CANDIDATE_PARTIAL,,risk، distribution (min/likely/max)، correlation_group، cost/time impact، version
D17,Contingency / Reserve,budgets,0.0,0.4,CANDIDATE_PARTIAL,,scope، type (cost/time)، approved_amount/days، drawn، remaining، basis_ref، approval
D17,QuantRun,ai_run_steps,0.5,0.33,CANDIDATE_PARTIAL,,model_ref (hook)، assumptions، iterations، output_ref، run_by، date
D17,InsurancePolicy,,0.0,0.22,CANDIDATE_ABSENT,,type (CAR/EAR/PL/WC/Marine/Equipment/Medical/…)، insurer، broker، policy_no، period، sum_insured، limits، deductible، insureds[]، premium، currency، project/contract، status، document_ref
D17,PolicyRequirement,ai_agents,0.0,0.27,CANDIDATE_PARTIAL,,contract_clause (D04)، required_type، min_limit، period، named_insured، compliance_status
D17,InsuranceClaim / Incident,contract_claims,0.33,0.25,CANDIDATE_PARTIAL,,incident_ref (D10/D08)، policy، date_of_loss، notice_deadline، notified_at، adjuster، claimed_amount، assessed، paid، status، evidence_refs
D17,Guarantee (Bond/LG),contracts,0.0,0.27,CANDIDATE_PARTIAL,CHAIN_RUNTIME_EXERCISED,type (bid/performance/advance/retention/other)، issuer_bank/surety، beneficiary، applicant_entity، contract/tender، amount، currency، issue_date، expiry_date، claim_period، auto_renew، status، margin/cash_cover%، commission_rate، text_version، original_location
D17,GuaranteeRequest,cost_adjustment_requests,0.5,0.25,CANDIDATE_PARTIAL,,guarantee (جديد)، purpose، required_by، bank، draft_text_ref، approvals، status
D17,GuaranteeEvent,,0.5,0.0,CANDIDATE_ABSENT,,issue/amend/renew/reduce/claim_received/release/return، date، doc_ref، by
D17,BankFacility,,0.5,0.22,CANDIDATE_ABSENT,,bank، type، limit، currency، utilized، reserved، expiry، terms، cash_margin
D17,Surety / BondProvider,,0.0,0.0,CANDIDATE_ABSENT,,المنشأة، تقييم، حد، التزامات قائمة
D17,CounterpartyRisk,,0.0,0.1,CANDIDATE_ABSENT,,party، type (client/subcontractor/supplier/JV partner)، score، factors، last_review، exposure
D17,FXExposure,cost_adjustment_requests,0.0,0.6,CANDIDATE_PARTIAL,,currency، item_ref (عقد/ضمان/PO)، amount، expected_date، direction
D17,EarlyWarningIndicator,,0.0,0.22,CANDIDATE_ABSENT,,source_module، metric_def، threshold، current، trend، linked_risk
D18,MetricDefinition,accounts_payable,0.0,0.27,CANDIDATE_PARTIAL,CHAIN_RUNTIME_EXERCISED,"code, name (ar/en), formula (expr على مصادر), grain, unit, aggregation, currency_rule, owner, source_entities, version, status, valid_from/to"
D18,Dimension,,0.0,0.0,CANDIDATE_ABSENT,,"code, hierarchy (شركة/مشروع/WBS/CBS/مورد/زمن)، SCD type"
D18,DataMart / FactTable,evm_snapshots,0.0,0.38,CANDIDATE_PARTIAL,,"fact_cost, fact_progress, fact_cash, fact_safety, fact_quality, fact_procurement… + snapshot_date"
D18,MetricSnapshot,,0.5,0.17,CANDIDATE_ABSENT,,"metric, version, period, scope, value, computed_at, lineage_ref"
D18,Lineage,cost_transactions,0.0,0.43,CANDIDATE_PARTIAL,CHAIN_RUNTIME_EXERCISED,"metric → fact → source_table → source_record_ids, transformation_version"
D18,Dashboard,contract_claims,0.0,0.33,CANDIDATE_PARTIAL,,"code, title, audience_role, layout, widgets[], version, status"
D18,Widget,,0.0,0.18,CANDIDATE_ABSENT,,"type (kpi/chart/table/map/gantt), metric_refs, filters, thresholds_ref, drill_target"
D18,Report / ReportTemplate,knowledge_chunks,0.0,0.29,CANDIDATE_PARTIAL,,"sections, bindings إلى metrics, template_source_example, language, version"
D18,Schedule (توزيع),,1.0,0.0,CANDIDATE_ABSENT,,"report, cron/timezone, recipients, format, rls_mode, last_run, status"
D18,ThresholdRule / Alert,ai_agents,0.0,0.29,CANDIDATE_PARTIAL,,"metric, scope, condition, severity, owner, escalation, status"
D18,ReconciliationRun,,0.5,0.14,CANDIDATE_ABSENT,,"metric, period, ledger_value, bi_value, diff, explained_by, status"
D18,ExportLog,audit_log,0.5,0.25,CANDIDATE_PARTIAL,,"user, object, format, watermark_id, ts, ip"
D19,JVArrangement,projects,0.0,0.42,CANDIDATE_PARTIAL,CHAIN_RUNTIME_EXERCISED,"id, type (JV/Consortium/Unincorporated), legal_entity_ref, project/contract, start/end, base_currency, status, agreement_doc"
D19,JVPartner,,0.0,0.18,CANDIDATE_ABSENT,,"jv, party, role (Lead/Sponsor/Partner/Silent), share_pct, voting_pct, effective_from/to, guarantor_ref"
D19,ShareSchedule,,0.5,0.12,CANDIDATE_ABSENT,,"jv, partner, share_type (profit/cost/capital/voting), pct, version, approved_by"
D19,JVAccountingPolicy,,0.0,0.14,CANDIDATE_ABSENT,,"partner/entity, method (config), params, version, approved_by, evidence_ref"
D19,PartnerView / PartnerLedger,general_ledger,0.33,0.29,CANDIDATE_PARTIAL,CHAIN_RUNTIME_EXERCISED,"jv, partner, period, mapped_accounts, amount, currency, policy_version"
D19,CashCall,accounts_payable,0.0,0.38,CANDIDATE_PARTIAL,CHAIN_RUNTIME_EXERCISED,"jv, call_no, requested_by, amount, due_date, purpose, allocations[partner, amount], status"
D19,Distribution,ipcs,0.0,0.6,CANDIDATE_PARTIAL,CHAIN_RUNTIME_EXERCISED,"jv, period, amount, allocations[], decision_ref, status"
D19,PartnerCurrentAccount,bank_reconciliation,0.0,0.25,CANDIDATE_PARTIAL,,"jv, partner, contributions, distributions, balance"
D19,IntercompanyTransaction,cost_transactions,0.5,0.33,CANDIDATE_PARTIAL,CHAIN_RUNTIME_EXERCISED,"entity_a, entity_b, type, amount, currency, journal_a, journal_b, match_status"
D19,EliminationRule / EliminationEntry,ipcs,0.0,0.5,CANDIDATE_PARTIAL,CHAIN_RUNTIME_EXERCISED,"rule, scope, accounts, version; period, amount, status"
D19,ConsolidationGroup / Ownership,,0.0,0.12,CANDIDATE_ABSENT,,"parent, subsidiary, own_pct, control_basis, effective_from, method"
D19,GroupChartMapping,,0.33,0.2,CANDIDATE_ABSENT,,"entity_account → group_account, rule, version, effective"
D19,ConsolidationRun,,0.5,0.17,CANDIDATE_ABSENT,,"period, scope, policy_version, fx_set, status, snapshot_ref"
D19,TranslationSet,exchange_rates,0.0,0.29,CANDIDATE_PARTIAL,,"entity, method, rates (closing/average/historical), source, date"
D19,MinorityInterest,,0.0,0.14,CANDIDATE_ABSENT,,"subsidiary, minority_pct, nci_equity, nci_profit, policy_version"
D19,ResourceChargeRule / ResourceCharge,resource_library,0.33,0.33,CANDIDATE_PARTIAL,,"resource_type, rate_basis, markup, from_project, to_project, period, amount"
D19,SharedServiceAllocation,contracts,0.0,0.33,CANDIDATE_PARTIAL,CHAIN_RUNTIME_EXERCISED,"pool, basis, driver_values, targets, period, version"
D19,GroupDOAPolicy,,0.0,0.2,CANDIDATE_ABSENT,,"thresholds, approvers, scope (entity/jv/group), version"
D19,PartnerPortalAccount,,0.33,0.2,CANDIDATE_ABSENT,,"party, jv_scope, permissions, mfa, status"
D20,Tenant / Plan / Entitlement,plan_entitlements,1.0,0.6,CANDIDATE_PRESENT,,"tenant, plan, features[], quotas{}, region, status, created_at"
D20,Environment / Release,automation_executions,0.0,0.25,CANDIDATE_PARTIAL,,"env (dev/stage/prod), version, build, deploy_log, status"
D20,ProvisioningJob,ai_agents,0.0,0.67,CANDIDATE_PARTIAL,,"tenant, steps[], status, rollback_ref"
D20,Secret / KeyRef,ai_agents,0.0,0.4,CANDIDATE_PARTIAL,,"scope, name, kms_key_ref, rotated_at, owner (لا قيمة في الجداول)"
D20,ApiClient / ApiKey / RateLimitPolicy,ai_agents,0.0,0.5,CANDIDATE_PARTIAL,,"client, scopes, limits, tenant, status, last_used"
D20,Connector (Catalog),ai_agents,0.0,0.5,CANDIDATE_PARTIAL,,"type, version, capabilities, auth_mode, status"
D20,ConnectorInstance,,0.5,0.2,CANDIDATE_ABSENT,,"tenant, connector, credentials_ref, direction, schedule, status"
D20,FieldMapping / MappingVersion,,0.0,0.2,CANDIDATE_ABSENT,,"instance, source_field, target_field, transform, version"
D20,IntegrationRun / DeadLetter,automation_executions,0.0,0.67,CANDIDATE_PARTIAL,,"instance, run_id, counts, errors[], payload_ref, retry_count"
D20,WebhookSubscription,webhook_subscriptions,1.0,0.5,CANDIDATE_PRESENT,,"tenant, event, url, secret_ref, signing_alg, status"
D20,AutomationFlow (External),automation_workflows,0.33,0.38,CANDIDATE_PARTIAL,,"engine (n8n…), flow_id, owner, service_identity, scopes, status"
D20,MCPServer / MCPTool,ai_tools,0.0,0.86,CANDIDATE_PARTIAL,,"tool, schema, required_permission, risk_class, version, status"
D20,ModelRegistry,ai_models,0.5,0.71,CANDIDATE_PRESENT,,"model_id, provider, version, capabilities, data_policy, cost, status"
D20,PromptRegistry,ai_prompts,0.5,0.5,CANDIDATE_PRESENT,,"prompt_id, version, owner, eval_ref, status"
D20,ToolRegistry / SkillRegistry / AgentRegistry,ai_agents,0.25,0.5,CANDIDATE_PRESENT,,"id, version, scopes, autonomy_level, owner, evals, status"
D20,AIRequestLog,ai_runs,0.0,0.57,CANDIDATE_PARTIAL,,"tenant, user, agent, model, prompt_ver, context_refs, tools_called, tokens, cost, output_ref, human_decision"
D20,EvalSuite / EvalRun / GoldenSet,ai_evaluations,0.0,0.75,CANDIDATE_PARTIAL,,"feature, dataset_ver, metrics, thresholds, result, model/prompt versions"
D20,AIBudget / Quota,ai_agents,0.0,0.33,CANDIDATE_PARTIAL,,"tenant, agent, feature, period, limit, spent, alert_at"
D20,KillSwitch,ai_agents,0.0,0.25,CANDIDATE_PARTIAL,,"scope (system/tenant/agent/model/feature), state, reason, set_by"
D20,BrainConfig / ConfigVersion,ai_models,0.0,0.5,CANDIDATE_PARTIAL,,"namespace, key, value, version, status, approved_by, effective_from"
D20,FeatureFlag,,0.5,0.14,CANDIDATE_ABSENT,,"key, scope, rule, rollout_pct, owner, expiry"
D20,LocalizationPack / BrandPack,,0.0,0.17,CANDIDATE_ABSENT,,"locale, strings, formats, rtl, logo, theme, version"
D20,Extension / ExtensionInstall,ai_agents,0.0,0.5,CANDIDATE_PARTIAL,,"id, version, permissions, sandbox_policy, status"
D20,SupportSession,ai_prompts,0.0,0.33,CANDIDATE_PARTIAL,,"tenant, engineer, reason, scope, approved_by, expires, actions[]"
D20,BackupJob / RestoreTest,evm_snapshots,0.0,0.4,CANDIDATE_PARTIAL,,"tenant, type, snapshot_ref, result, rpo_actual, rto_actual"
D20,TenantExport / DeletionCertificate,ai_tools,0.0,0.33,CANDIDATE_PARTIAL,,"tenant, scope, hash, signed_by, date"
