domain,scenario,title
D01,S1,إعداد شركة جديدة
D01,S2,كيان جديد داخل مجموعة
D01,S3,مشروع جديد
D01,S4,JV/ائتلاف
D01,S5,تفويض صلاحية (Delegation)
D01,S6,اعتماد حسب DOA
D01,S7,منع الاعتماد الذاتي (SoD)
D01,S8,دخول مستخدم من مستأجر آخر
D01,S9,مغادرة موظف
D02,S1,فرصة جديدة
D02,S2,قرار Bid/No-Bid
D02,S3,استلام وثائق المناقصة
D02,S4,مراجعة الشروط
D02,S5,الكميات والتسعير
D02,S6,تحميل المصاريف والمخاطر والربح
D02,S7,سيناريوهات تسعير (What-if)
D02,S8,الاعتماد والتقديم
D02,S9,النتيجة
D02,S10,التحويل عند الترسية
D03,S1,تعليم النظام تنسيق الشركة (Teach by Example)
D03,S2,بناء BOQ من مصادر مختلفة
D03,S3,الحصر (Takeoff)
D03,S4,تحليل سعر البند (Rate Analysis)
D03,S5,تحديث سعر خامة
D03,S6,مقارنة نسخ BOQ
D03,S7,حزم الشراء والباطن من BOQ
D03,S8,BOQ تعاقدي
D03,S9,مقايسة بأنواع مختلفة
D04,S1,إدخال العقد الرئيسي
D04,S2,جدول الالتزامات والمهل
D04,S3,الإخطارات (Notices)
D04,S4,أمر تغيير (VO / Variation)
D04,S5,تمديد المدة (EOT)
D04,S6,المطالبات (Claims)
D04,S7,الضمانات (Bonds/Guarantees)
D04,S8,الغرامات والتعويضات
D04,S9,العقد من الباطن
D04,S10,إغلاق العقد
D05,S1,بناء الجدول من BOQ
D05,S2,استيراد جدول Primavera/MSP
D05,S3,الجدول الأساس (Baseline)
D05,S4,تحديث التقدم
D05,S5,Look-ahead
D05,S6,القيمة المكتسبة (EVM)
D05,S7,التدفق النقدي
D05,S8,محاكاة (What-if)
D05,S9,تحليل التأخير
D05,S10,محفظة (Multi-project)
D06,S1,من الاحتياج إلى PO
D06,S2,RFQ ومقارنة عروض
D06,S3,PO بسقف DOA
D06,S4,منع تقسيم الأوامر (Split-Order Prevention)
D06,S5,الاستلام GRN
D06,S6,المطابقة الثلاثية
D06,S7,اتفاقية إطارية (Framework)
D06,S8,Expediting
D06,S9,استيراد
D07,S1,تأهيل الباطن
D07,S2,حزمة باطن من BOQ
D07,S3,مناقصة ومقارنة
D07,S4,الترسية وعقد الباطن
D07,S5,القياس والمستخلص الشهري
D07,S6,الاستقطاعات
D07,S7,أمر تغيير للباطن (Sub VO)
D07,S8,مستخلص المالك (Owner IPC)
D07,S9,الحساب الختامي
D08,S1,التقرير اليومي
D08,S2,الكميات المنفذة
D08,S3,RFI
D08,S4,Submittal ومواد
D08,S5,سجل الرسومات
D08,S6,Shop Drawing
D08,S7,طلب فحص (Inspection Request)
D08,S8,تعليمات الموقع (Site Instruction)
D08,S9,الاجتماعات والمحاضر
D08,S10,التسليم والملاحظات (Snagging/Handover)
D09,S1,خطة الجودة وITP
D09,S2,طلب فحص (Inspection Request / IR)
D09,S3,نتيجة فحص بتحفظات
D09,S4,اختبار مواد (مكعبات خرسانة)
D09,S5,NCR/CAR
D09,S6,فحص الاستلام للمواد
D09,S7,معايرة أجهزة
D09,S8,فحص ما بعد التنفيذ (As-Built) والتسليم
D09,S9,ربط الدفع
D10,S1,خطة HSE وتقييم المخاطر
D10,S2,JSA/Method Statement
D10,S3,تصريح عمل (PTW)
D10,S4,بلاغ حادث/شبه حادث
D10,S5,تحقيق الحادث
D10,S6,تفتيش وتدقيق
D10,S7,مصفوفة الكفاءة والتدريب
D10,S8,Toolbox Talk وPPE
D10,S9,الطوارئ
D10,S10,البيئة
D10,S11,تأهيل مقاول الباطن (HSE Onboarding)
D10,S12,سلطة الإيقاف (Stop-Work Authority)
D11,S1,سجل المعدة
D11,S2,تخصيص لمشروع
D11,S3,سجل التشغيل اليومي
D11,S4,تعيين مشغل
D11,S5,صيانة وقائية
D11,S6,عطل وتصحيح
D11,S7,وقود
D11,S8,تحميل داخلي (Internal Charging)
D11,S9,إيجار معدات
D11,S10,الوثائق والفحوص
D11,S11,التليماتيكس
D11,S12,الإهلاك والتصرف
D12,S1,من الاستقطاب إلى Onboarding
D12,S2,الحضور من بصمة الموقع
D12,S3,Timesheet وتوزيع التكلفة
D12,S4,دورة رواتب شهرية
D12,S5,انتهاء إقامة/تصريح
D12,S6,عمالة يومية وباطن
D12,S7,نهاية الخدمة
D13,S1,فاتورة مورد بمطابقة 3 اتجاهات
D13,S2,مستخلص عميل وتحصيل
D13,S3,الاعتراف بالإيراد وWIP
D13,S4,تسوية بنكية
D13,S5,إقفال الفترة
D13,S6,تعاملات بين الشركات
D13,S7,عملات متعددة
D13,S8,الميزانية مقابل الفعلي والالتزامات
D14,S1,استلام مقابل أمر شراء
D14,S2,الفحص والإفراج
D14,S3,الصرف لبند/كود تكلفة
D14,S4,الحجز (Reservation)
D14,S5,تحويل بين المخازن
D14,S6,الجرد الدوري والمفاجئ
D14,S7,تسوية الاستهلاك النظري مقابل الفعلي
D14,S8,فائض وتالف
D14,S9,إعادة الطلب
D15,S1,تسجيل وثيقة بإصدار
D15,S2,إصدار مراجعة جديدة
D15,S3,Transmittal
D15,S4,Submittal (اعتماد مواد/Shop Drawing)
D15,S5,سجل المراسلات
D15,S6,محضر اجتماع
D15,S7,مشاركة خارجية آمنة
D15,S8,بحث وأدلة
D15,S9,Legal Hold
D16,S1,استقبال رسومات
D16,S2,استقبال نموذج
D16,S3,ربط عنصر بالكمية والتكلفة
D16,S4,4D
D16,S5,Clash/Issue بنمط BCF
D16,S6,تغيير تصميم
D16,S7,Value Engineering
D16,S8,RFI تصميمي
D16,S9,As-built والتسليم
D17,S1,سجل مخاطر المشروع
D17,S2,تقييم كمي وPortfolio
D17,S3,ربط الاحتياطي
D17,S4,وثيقة تأمين
D17,S5,حادث ومطالبة تأمين
D17,S6,طلب إصدار ضمان
D17,S7,تجديد/تخفيض/إفراج
D17,S8,الحدود والتعرض
D17,S9,مخاطر الأطراف
D17,S10,تعرض العملات
D17,S11,مؤشرات الإنذار المبكر
D18,S1,لوحة CEO للمحفظة
D18,S2,مقياس بتعريف واحد
D18,S3,مطابقة الدفتر
D18,S4,منشئ التقارير (Report Builder)
D18,S5,توزيع مجدول
D18,S6,Example-to-Template لتقرير إدارة
D18,S7,سؤال بلغة طبيعية
D18,S8,تنبيه عتبة
D18,S9,تصدير
D19,S1,تأسيس JV
D19,S2,دفتر JV ورؤية الشريك
D19,S3,Cash Call
D19,S4,توزيع أرباح/نقد (Distribution)
D19,S5,معاملة بينية
D19,S6,التوحيد متعدد العملات
D19,S7,تحميل مورد بين المشاريع
D19,S8,خدمات مشتركة
D19,S9,حقوق الأقلية
D19,S10,بوابة الشريك
D20,S1,توفير مستأجر
D20,S2,نشر إصدار
D20,S3,حادثة وتنبيه
D20,S4,استرجاع من نسخة
D20,S5,موصل تكامل
D20,S6,استيراد Primavera/IFC
D20,S7,أتمتة n8n
D20,S8,استدعاء ذكاء
D20,S9,Kill Switch
D20,S10,تغيير Brain Config
D20,S11,Feature Flag وWhite-label
D20,S12,إنهاء مستأجر (Offboarding)
