Rule ID,Authority Level,Decision Class,Policy Version,Legal Entity Scope,Project Scope,Currency,Lower Bound Inclusive,Upper Bound Inclusive,Effective From,Effective To,Required Approver Authority,Decision Result,Exception/Break Glass,Deterministic Example,Source Frozen Rule,Status
DOA15-01,Operational,Variation,PENDING_OWNER_APPROVAL,OWNER_INPUT_REQUIRED,OWNER_INPUT_REQUIRED,OWNER_INPUT_REQUIRED,OWNER_INPUT_REQUIRED,OWNER_INPUT_REQUIRED,OWNER_INPUT_REQUIRED,OWNER_INPUT_REQUIRED,Operational,ALLOW only when all dimensions match and authority >= required limit; otherwise DENY,STEP15 break-glass contract only; never implicit,BLOCKED_UNTIL_OWNER_VALUES_DEFINED,DOA15-01,BLOCKED_OWNER_INPUT
DOA15-02,Project,Payment,PENDING_OWNER_APPROVAL,OWNER_INPUT_REQUIRED,OWNER_INPUT_REQUIRED,OWNER_INPUT_REQUIRED,OWNER_INPUT_REQUIRED,OWNER_INPUT_REQUIRED,OWNER_INPUT_REQUIRED,OWNER_INPUT_REQUIRED,Project,ALLOW only when all dimensions match and authority >= required limit; otherwise DENY,STEP15 break-glass contract only; never implicit,BLOCKED_UNTIL_OWNER_VALUES_DEFINED,DOA15-02,BLOCKED_OWNER_INPUT
DOA15-03,Portfolio,Write-off,PENDING_OWNER_APPROVAL,OWNER_INPUT_REQUIRED,OWNER_INPUT_REQUIRED,OWNER_INPUT_REQUIRED,OWNER_INPUT_REQUIRED,OWNER_INPUT_REQUIRED,OWNER_INPUT_REQUIRED,OWNER_INPUT_REQUIRED,Portfolio,ALLOW only when all dimensions match and authority >= required limit; otherwise DENY,STEP15 break-glass contract only; never implicit,BLOCKED_UNTIL_OWNER_VALUES_DEFINED,DOA15-03,BLOCKED_OWNER_INPUT
DOA15-04,Enterprise,Budget,PENDING_OWNER_APPROVAL,OWNER_INPUT_REQUIRED,OWNER_INPUT_REQUIRED,OWNER_INPUT_REQUIRED,OWNER_INPUT_REQUIRED,OWNER_INPUT_REQUIRED,OWNER_INPUT_REQUIRED,OWNER_INPUT_REQUIRED,Enterprise,ALLOW only when all dimensions match and authority >= required limit; otherwise DENY,STEP15 break-glass contract only; never implicit,BLOCKED_UNTIL_OWNER_VALUES_DEFINED,DOA15-04,BLOCKED_OWNER_INPUT
DOA15-05,Board/Reserved,Contract,PENDING_OWNER_APPROVAL,OWNER_INPUT_REQUIRED,OWNER_INPUT_REQUIRED,OWNER_INPUT_REQUIRED,OWNER_INPUT_REQUIRED,OWNER_INPUT_REQUIRED,OWNER_INPUT_REQUIRED,OWNER_INPUT_REQUIRED,Board/Reserved,ALLOW only when all dimensions match and authority >= required limit; otherwise DENY,STEP15 break-glass contract only; never implicit,BLOCKED_UNTIL_OWNER_VALUES_DEFINED,DOA15-05,BLOCKED_OWNER_INPUT
DOA15-06,Operational,Commitment,PENDING_OWNER_APPROVAL,OWNER_INPUT_REQUIRED,OWNER_INPUT_REQUIRED,OWNER_INPUT_REQUIRED,OWNER_INPUT_REQUIRED,OWNER_INPUT_REQUIRED,OWNER_INPUT_REQUIRED,OWNER_INPUT_REQUIRED,Operational,ALLOW only when all dimensions match and authority >= required limit; otherwise DENY,STEP15 break-glass contract only; never implicit,BLOCKED_UNTIL_OWNER_VALUES_DEFINED,DOA15-06,BLOCKED_OWNER_INPUT
DOA15-07,Project,Variation,PENDING_OWNER_APPROVAL,OWNER_INPUT_REQUIRED,OWNER_INPUT_REQUIRED,OWNER_INPUT_REQUIRED,OWNER_INPUT_REQUIRED,OWNER_INPUT_REQUIRED,OWNER_INPUT_REQUIRED,OWNER_INPUT_REQUIRED,Project,ALLOW only when all dimensions match and authority >= required limit; otherwise DENY,STEP15 break-glass contract only; never implicit,BLOCKED_UNTIL_OWNER_VALUES_DEFINED,DOA15-07,BLOCKED_OWNER_INPUT
DOA15-08,Portfolio,Payment,PENDING_OWNER_APPROVAL,OWNER_INPUT_REQUIRED,OWNER_INPUT_REQUIRED,OWNER_INPUT_REQUIRED,OWNER_INPUT_REQUIRED,OWNER_INPUT_REQUIRED,OWNER_INPUT_REQUIRED,OWNER_INPUT_REQUIRED,Portfolio,ALLOW only when all dimensions match and authority >= required limit; otherwise DENY,STEP15 break-glass contract only; never implicit,BLOCKED_UNTIL_OWNER_VALUES_DEFINED,DOA15-08,BLOCKED_OWNER_INPUT
DOA15-09,Enterprise,Write-off,PENDING_OWNER_APPROVAL,OWNER_INPUT_REQUIRED,OWNER_INPUT_REQUIRED,OWNER_INPUT_REQUIRED,OWNER_INPUT_REQUIRED,OWNER_INPUT_REQUIRED,OWNER_INPUT_REQUIRED,OWNER_INPUT_REQUIRED,Enterprise,ALLOW only when all dimensions match and authority >= required limit; otherwise DENY,STEP15 break-glass contract only; never implicit,BLOCKED_UNTIL_OWNER_VALUES_DEFINED,DOA15-09,BLOCKED_OWNER_INPUT
DOA15-10,Board/Reserved,Budget,PENDING_OWNER_APPROVAL,OWNER_INPUT_REQUIRED,OWNER_INPUT_REQUIRED,OWNER_INPUT_REQUIRED,OWNER_INPUT_REQUIRED,OWNER_INPUT_REQUIRED,OWNER_INPUT_REQUIRED,OWNER_INPUT_REQUIRED,Board/Reserved,ALLOW only when all dimensions match and authority >= required limit; otherwise DENY,STEP15 break-glass contract only; never implicit,BLOCKED_UNTIL_OWNER_VALUES_DEFINED,DOA15-10,BLOCKED_OWNER_INPUT
DOA15-11,Operational,Contract,PENDING_OWNER_APPROVAL,OWNER_INPUT_REQUIRED,OWNER_INPUT_REQUIRED,OWNER_INPUT_REQUIRED,OWNER_INPUT_REQUIRED,OWNER_INPUT_REQUIRED,OWNER_INPUT_REQUIRED,OWNER_INPUT_REQUIRED,Operational,ALLOW only when all dimensions match and authority >= required limit; otherwise DENY,STEP15 break-glass contract only; never implicit,BLOCKED_UNTIL_OWNER_VALUES_DEFINED,DOA15-11,BLOCKED_OWNER_INPUT
DOA15-12,Project,Commitment,PENDING_OWNER_APPROVAL,OWNER_INPUT_REQUIRED,OWNER_INPUT_REQUIRED,OWNER_INPUT_REQUIRED,OWNER_INPUT_REQUIRED,OWNER_INPUT_REQUIRED,OWNER_INPUT_REQUIRED,OWNER_INPUT_REQUIRED,Project,ALLOW only when all dimensions match and authority >= required limit; otherwise DENY,STEP15 break-glass contract only; never implicit,BLOCKED_UNTIL_OWNER_VALUES_DEFINED,DOA15-12,BLOCKED_OWNER_INPUT
DOA15-13,Portfolio,Variation,PENDING_OWNER_APPROVAL,OWNER_INPUT_REQUIRED,OWNER_INPUT_REQUIRED,OWNER_INPUT_REQUIRED,OWNER_INPUT_REQUIRED,OWNER_INPUT_REQUIRED,OWNER_INPUT_REQUIRED,OWNER_INPUT_REQUIRED,Portfolio,ALLOW only when all dimensions match and authority >= required limit; otherwise DENY,STEP15 break-glass contract only; never implicit,BLOCKED_UNTIL_OWNER_VALUES_DEFINED,DOA15-13,BLOCKED_OWNER_INPUT
DOA15-14,Enterprise,Payment,PENDING_OWNER_APPROVAL,OWNER_INPUT_REQUIRED,OWNER_INPUT_REQUIRED,OWNER_INPUT_REQUIRED,OWNER_INPUT_REQUIRED,OWNER_INPUT_REQUIRED,OWNER_INPUT_REQUIRED,OWNER_INPUT_REQUIRED,Enterprise,ALLOW only when all dimensions match and authority >= required limit; otherwise DENY,STEP15 break-glass contract only; never implicit,BLOCKED_UNTIL_OWNER_VALUES_DEFINED,DOA15-14,BLOCKED_OWNER_INPUT
DOA15-15,Board/Reserved,Write-off,PENDING_OWNER_APPROVAL,OWNER_INPUT_REQUIRED,OWNER_INPUT_REQUIRED,OWNER_INPUT_REQUIRED,OWNER_INPUT_REQUIRED,OWNER_INPUT_REQUIRED,OWNER_INPUT_REQUIRED,OWNER_INPUT_REQUIRED,Board/Reserved,ALLOW only when all dimensions match and authority >= required limit; otherwise DENY,STEP15 break-glass contract only; never implicit,BLOCKED_UNTIL_OWNER_VALUES_DEFINED,DOA15-15,BLOCKED_OWNER_INPUT
DOA15-16,Operational,Budget,PENDING_OWNER_APPROVAL,OWNER_INPUT_REQUIRED,OWNER_INPUT_REQUIRED,OWNER_INPUT_REQUIRED,OWNER_INPUT_REQUIRED,OWNER_INPUT_REQUIRED,OWNER_INPUT_REQUIRED,OWNER_INPUT_REQUIRED,Operational,ALLOW only when all dimensions match and authority >= required limit; otherwise DENY,STEP15 break-glass contract only; never implicit,BLOCKED_UNTIL_OWNER_VALUES_DEFINED,DOA15-16,BLOCKED_OWNER_INPUT
DOA15-17,Project,Contract,PENDING_OWNER_APPROVAL,OWNER_INPUT_REQUIRED,OWNER_INPUT_REQUIRED,OWNER_INPUT_REQUIRED,OWNER_INPUT_REQUIRED,OWNER_INPUT_REQUIRED,OWNER_INPUT_REQUIRED,OWNER_INPUT_REQUIRED,Project,ALLOW only when all dimensions match and authority >= required limit; otherwise DENY,STEP15 break-glass contract only; never implicit,BLOCKED_UNTIL_OWNER_VALUES_DEFINED,DOA15-17,BLOCKED_OWNER_INPUT
DOA15-18,Portfolio,Commitment,PENDING_OWNER_APPROVAL,OWNER_INPUT_REQUIRED,OWNER_INPUT_REQUIRED,OWNER_INPUT_REQUIRED,OWNER_INPUT_REQUIRED,OWNER_INPUT_REQUIRED,OWNER_INPUT_REQUIRED,OWNER_INPUT_REQUIRED,Portfolio,ALLOW only when all dimensions match and authority >= required limit; otherwise DENY,STEP15 break-glass contract only; never implicit,BLOCKED_UNTIL_OWNER_VALUES_DEFINED,DOA15-18,BLOCKED_OWNER_INPUT
DOA15-19,Enterprise,Variation,PENDING_OWNER_APPROVAL,OWNER_INPUT_REQUIRED,OWNER_INPUT_REQUIRED,OWNER_INPUT_REQUIRED,OWNER_INPUT_REQUIRED,OWNER_INPUT_REQUIRED,OWNER_INPUT_REQUIRED,OWNER_INPUT_REQUIRED,Enterprise,ALLOW only when all dimensions match and authority >= required limit; otherwise DENY,STEP15 break-glass contract only; never implicit,BLOCKED_UNTIL_OWNER_VALUES_DEFINED,DOA15-19,BLOCKED_OWNER_INPUT
DOA15-20,Board/Reserved,Payment,PENDING_OWNER_APPROVAL,OWNER_INPUT_REQUIRED,OWNER_INPUT_REQUIRED,OWNER_INPUT_REQUIRED,OWNER_INPUT_REQUIRED,OWNER_INPUT_REQUIRED,OWNER_INPUT_REQUIRED,OWNER_INPUT_REQUIRED,Board/Reserved,ALLOW only when all dimensions match and authority >= required limit; otherwise DENY,STEP15 break-glass contract only; never implicit,BLOCKED_UNTIL_OWNER_VALUES_DEFINED,DOA15-20,BLOCKED_OWNER_INPUT
DOA15-21,Operational,Write-off,PENDING_OWNER_APPROVAL,OWNER_INPUT_REQUIRED,OWNER_INPUT_REQUIRED,OWNER_INPUT_REQUIRED,OWNER_INPUT_REQUIRED,OWNER_INPUT_REQUIRED,OWNER_INPUT_REQUIRED,OWNER_INPUT_REQUIRED,Operational,ALLOW only when all dimensions match and authority >= required limit; otherwise DENY,STEP15 break-glass contract only; never implicit,BLOCKED_UNTIL_OWNER_VALUES_DEFINED,DOA15-21,BLOCKED_OWNER_INPUT
DOA15-22,Project,Budget,PENDING_OWNER_APPROVAL,OWNER_INPUT_REQUIRED,OWNER_INPUT_REQUIRED,OWNER_INPUT_REQUIRED,OWNER_INPUT_REQUIRED,OWNER_INPUT_REQUIRED,OWNER_INPUT_REQUIRED,OWNER_INPUT_REQUIRED,Project,ALLOW only when all dimensions match and authority >= required limit; otherwise DENY,STEP15 break-glass contract only; never implicit,BLOCKED_UNTIL_OWNER_VALUES_DEFINED,DOA15-22,BLOCKED_OWNER_INPUT
DOA15-23,Portfolio,Contract,PENDING_OWNER_APPROVAL,OWNER_INPUT_REQUIRED,OWNER_INPUT_REQUIRED,OWNER_INPUT_REQUIRED,OWNER_INPUT_REQUIRED,OWNER_INPUT_REQUIRED,OWNER_INPUT_REQUIRED,OWNER_INPUT_REQUIRED,Portfolio,ALLOW only when all dimensions match and authority >= required limit; otherwise DENY,STEP15 break-glass contract only; never implicit,BLOCKED_UNTIL_OWNER_VALUES_DEFINED,DOA15-23,BLOCKED_OWNER_INPUT
DOA15-24,Enterprise,Commitment,PENDING_OWNER_APPROVAL,OWNER_INPUT_REQUIRED,OWNER_INPUT_REQUIRED,OWNER_INPUT_REQUIRED,OWNER_INPUT_REQUIRED,OWNER_INPUT_REQUIRED,OWNER_INPUT_REQUIRED,OWNER_INPUT_REQUIRED,Enterprise,ALLOW only when all dimensions match and authority >= required limit; otherwise DENY,STEP15 break-glass contract only; never implicit,BLOCKED_UNTIL_OWNER_VALUES_DEFINED,DOA15-24,BLOCKED_OWNER_INPUT
DOA15-25,Board/Reserved,Variation,PENDING_OWNER_APPROVAL,OWNER_INPUT_REQUIRED,OWNER_INPUT_REQUIRED,OWNER_INPUT_REQUIRED,OWNER_INPUT_REQUIRED,OWNER_INPUT_REQUIRED,OWNER_INPUT_REQUIRED,OWNER_INPUT_REQUIRED,Board/Reserved,ALLOW only when all dimensions match and authority >= required limit; otherwise DENY,STEP15 break-glass contract only; never implicit,BLOCKED_UNTIL_OWNER_VALUES_DEFINED,DOA15-25,BLOCKED_OWNER_INPUT
DOA15-26,Operational,Payment,PENDING_OWNER_APPROVAL,OWNER_INPUT_REQUIRED,OWNER_INPUT_REQUIRED,OWNER_INPUT_REQUIRED,OWNER_INPUT_REQUIRED,OWNER_INPUT_REQUIRED,OWNER_INPUT_REQUIRED,OWNER_INPUT_REQUIRED,Operational,ALLOW only when all dimensions match and authority >= required limit; otherwise DENY,STEP15 break-glass contract only; never implicit,BLOCKED_UNTIL_OWNER_VALUES_DEFINED,DOA15-26,BLOCKED_OWNER_INPUT
DOA15-27,Project,Write-off,PENDING_OWNER_APPROVAL,OWNER_INPUT_REQUIRED,OWNER_INPUT_REQUIRED,OWNER_INPUT_REQUIRED,OWNER_INPUT_REQUIRED,OWNER_INPUT_REQUIRED,OWNER_INPUT_REQUIRED,OWNER_INPUT_REQUIRED,Project,ALLOW only when all dimensions match and authority >= required limit; otherwise DENY,STEP15 break-glass contract only; never implicit,BLOCKED_UNTIL_OWNER_VALUES_DEFINED,DOA15-27,BLOCKED_OWNER_INPUT
DOA15-28,Portfolio,Budget,PENDING_OWNER_APPROVAL,OWNER_INPUT_REQUIRED,OWNER_INPUT_REQUIRED,OWNER_INPUT_REQUIRED,OWNER_INPUT_REQUIRED,OWNER_INPUT_REQUIRED,OWNER_INPUT_REQUIRED,OWNER_INPUT_REQUIRED,Portfolio,ALLOW only when all dimensions match and authority >= required limit; otherwise DENY,STEP15 break-glass contract only; never implicit,BLOCKED_UNTIL_OWNER_VALUES_DEFINED,DOA15-28,BLOCKED_OWNER_INPUT
DOA15-29,Enterprise,Contract,PENDING_OWNER_APPROVAL,OWNER_INPUT_REQUIRED,OWNER_INPUT_REQUIRED,OWNER_INPUT_REQUIRED,OWNER_INPUT_REQUIRED,OWNER_INPUT_REQUIRED,OWNER_INPUT_REQUIRED,OWNER_INPUT_REQUIRED,Enterprise,ALLOW only when all dimensions match and authority >= required limit; otherwise DENY,STEP15 break-glass contract only; never implicit,BLOCKED_UNTIL_OWNER_VALUES_DEFINED,DOA15-29,BLOCKED_OWNER_INPUT
DOA15-30,Board/Reserved,Commitment,PENDING_OWNER_APPROVAL,OWNER_INPUT_REQUIRED,OWNER_INPUT_REQUIRED,OWNER_INPUT_REQUIRED,OWNER_INPUT_REQUIRED,OWNER_INPUT_REQUIRED,OWNER_INPUT_REQUIRED,OWNER_INPUT_REQUIRED,Board/Reserved,ALLOW only when all dimensions match and authority >= required limit; otherwise DENY,STEP15 break-glass contract only; never implicit,BLOCKED_UNTIL_OWNER_VALUES_DEFINED,DOA15-30,BLOCKED_OWNER_INPUT
