Conflict ID,Activity A,Activity B,Scope,Rule,Enforcement,Conflict Class,Compensating Control Rule
SOD15-001,Procurement request,Purchase approval,Same Transaction,PROHIBITED or requires documented compensating control,Policy engine blocks self-approval/self-certification by same principal where applicable,HARD_DENY,"For HARD_DENY no override except formal break-glass with independent after-the-fact review; for conditional class, named control owner + expiry + evidence + independent approval required."
SOD15-002,Procurement request,Purchase approval,Same Project/Period,PROHIBITED or requires documented compensating control,Policy engine blocks self-approval/self-certification by same principal where applicable,HARD_DENY,"For HARD_DENY no override except formal break-glass with independent after-the-fact review; for conditional class, named control owner + expiry + evidence + independent approval required."
SOD15-003,PO preparation,PO final approval,Same Transaction,PROHIBITED or requires documented compensating control,Policy engine blocks self-approval/self-certification by same principal where applicable,HARD_DENY,"For HARD_DENY no override except formal break-glass with independent after-the-fact review; for conditional class, named control owner + expiry + evidence + independent approval required."
SOD15-004,PO preparation,PO final approval,Same Project/Period,PROHIBITED or requires documented compensating control,Policy engine blocks self-approval/self-certification by same principal where applicable,HARD_DENY,"For HARD_DENY no override except formal break-glass with independent after-the-fact review; for conditional class, named control owner + expiry + evidence + independent approval required."
SOD15-005,Goods receipt,Vendor invoice approval,Same Transaction,PROHIBITED or requires documented compensating control,Policy engine blocks self-approval/self-certification by same principal where applicable,HARD_DENY,"For HARD_DENY no override except formal break-glass with independent after-the-fact review; for conditional class, named control owner + expiry + evidence + independent approval required."
SOD15-006,Goods receipt,Vendor invoice approval,Same Project/Period,PROHIBITED or requires documented compensating control,Policy engine blocks self-approval/self-certification by same principal where applicable,HARD_DENY,"For HARD_DENY no override except formal break-glass with independent after-the-fact review; for conditional class, named control owner + expiry + evidence + independent approval required."
SOD15-007,Vendor invoice preparation,Payment approval,Same Transaction,PROHIBITED or requires documented compensating control,Policy engine blocks self-approval/self-certification by same principal where applicable,HARD_DENY,"For HARD_DENY no override except formal break-glass with independent after-the-fact review; for conditional class, named control owner + expiry + evidence + independent approval required."
SOD15-008,Vendor invoice preparation,Payment approval,Same Project/Period,PROHIBITED or requires documented compensating control,Policy engine blocks self-approval/self-certification by same principal where applicable,HARD_DENY,"For HARD_DENY no override except formal break-glass with independent after-the-fact review; for conditional class, named control owner + expiry + evidence + independent approval required."
SOD15-009,Payment preparation,Payment release,Same Transaction,PROHIBITED or requires documented compensating control,Policy engine blocks self-approval/self-certification by same principal where applicable,HARD_DENY,"For HARD_DENY no override except formal break-glass with independent after-the-fact review; for conditional class, named control owner + expiry + evidence + independent approval required."
SOD15-010,Payment preparation,Payment release,Same Project/Period,PROHIBITED or requires documented compensating control,Policy engine blocks self-approval/self-certification by same principal where applicable,HARD_DENY,"For HARD_DENY no override except formal break-glass with independent after-the-fact review; for conditional class, named control owner + expiry + evidence + independent approval required."
SOD15-011,Budget preparation,Budget approval,Same Transaction,PROHIBITED or requires documented compensating control,Policy engine blocks self-approval/self-certification by same principal where applicable,HARD_DENY,"For HARD_DENY no override except formal break-glass with independent after-the-fact review; for conditional class, named control owner + expiry + evidence + independent approval required."
SOD15-012,Budget preparation,Budget approval,Same Project/Period,PROHIBITED or requires documented compensating control,Policy engine blocks self-approval/self-certification by same principal where applicable,HARD_DENY,"For HARD_DENY no override except formal break-glass with independent after-the-fact review; for conditional class, named control owner + expiry + evidence + independent approval required."
SOD15-013,Cost adjustment request,Cost adjustment approval,Same Transaction,PROHIBITED or requires documented compensating control,Policy engine blocks self-approval/self-certification by same principal where applicable,HARD_DENY,"For HARD_DENY no override except formal break-glass with independent after-the-fact review; for conditional class, named control owner + expiry + evidence + independent approval required."
SOD15-014,Cost adjustment request,Cost adjustment approval,Same Project/Period,PROHIBITED or requires documented compensating control,Policy engine blocks self-approval/self-certification by same principal where applicable,HARD_DENY,"For HARD_DENY no override except formal break-glass with independent after-the-fact review; for conditional class, named control owner + expiry + evidence + independent approval required."
SOD15-015,Journal preparation,Journal posting,Same Transaction,PROHIBITED or requires documented compensating control,Policy engine blocks self-approval/self-certification by same principal where applicable,DENY_UNLESS_PREAPPROVED_COMPENSATING_CONTROL,"For HARD_DENY no override except formal break-glass with independent after-the-fact review; for conditional class, named control owner + expiry + evidence + independent approval required."
SOD15-016,Journal preparation,Journal posting,Same Project/Period,PROHIBITED or requires documented compensating control,Policy engine blocks self-approval/self-certification by same principal where applicable,DENY_UNLESS_PREAPPROVED_COMPENSATING_CONTROL,"For HARD_DENY no override except formal break-glass with independent after-the-fact review; for conditional class, named control owner + expiry + evidence + independent approval required."
SOD15-017,Journal posting,Reconciliation,Same Transaction,PROHIBITED or requires documented compensating control,Policy engine blocks self-approval/self-certification by same principal where applicable,DENY_UNLESS_PREAPPROVED_COMPENSATING_CONTROL,"For HARD_DENY no override except formal break-glass with independent after-the-fact review; for conditional class, named control owner + expiry + evidence + independent approval required."
SOD15-018,Journal posting,Reconciliation,Same Project/Period,PROHIBITED or requires documented compensating control,Policy engine blocks self-approval/self-certification by same principal where applicable,DENY_UNLESS_PREAPPROVED_COMPENSATING_CONTROL,"For HARD_DENY no override except formal break-glass with independent after-the-fact review; for conditional class, named control owner + expiry + evidence + independent approval required."
SOD15-019,Bank reconciliation preparation,Bank reconciliation approval,Same Transaction,PROHIBITED or requires documented compensating control,Policy engine blocks self-approval/self-certification by same principal where applicable,HARD_DENY,"For HARD_DENY no override except formal break-glass with independent after-the-fact review; for conditional class, named control owner + expiry + evidence + independent approval required."
SOD15-020,Bank reconciliation preparation,Bank reconciliation approval,Same Project/Period,PROHIBITED or requires documented compensating control,Policy engine blocks self-approval/self-certification by same principal where applicable,HARD_DENY,"For HARD_DENY no override except formal break-glass with independent after-the-fact review; for conditional class, named control owner + expiry + evidence + independent approval required."
SOD15-021,Tender evaluation,Award approval,Same Transaction,PROHIBITED or requires documented compensating control,Policy engine blocks self-approval/self-certification by same principal where applicable,HARD_DENY,"For HARD_DENY no override except formal break-glass with independent after-the-fact review; for conditional class, named control owner + expiry + evidence + independent approval required."
SOD15-022,Tender evaluation,Award approval,Same Project/Period,PROHIBITED or requires documented compensating control,Policy engine blocks self-approval/self-certification by same principal where applicable,HARD_DENY,"For HARD_DENY no override except formal break-glass with independent after-the-fact review; for conditional class, named control owner + expiry + evidence + independent approval required."
SOD15-023,Contract drafting,Contract execution approval,Same Transaction,PROHIBITED or requires documented compensating control,Policy engine blocks self-approval/self-certification by same principal where applicable,HARD_DENY,"For HARD_DENY no override except formal break-glass with independent after-the-fact review; for conditional class, named control owner + expiry + evidence + independent approval required."
SOD15-024,Contract drafting,Contract execution approval,Same Project/Period,PROHIBITED or requires documented compensating control,Policy engine blocks self-approval/self-certification by same principal where applicable,HARD_DENY,"For HARD_DENY no override except formal break-glass with independent after-the-fact review; for conditional class, named control owner + expiry + evidence + independent approval required."
SOD15-025,Variation preparation,Variation approval,Same Transaction,PROHIBITED or requires documented compensating control,Policy engine blocks self-approval/self-certification by same principal where applicable,HARD_DENY,"For HARD_DENY no override except formal break-glass with independent after-the-fact review; for conditional class, named control owner + expiry + evidence + independent approval required."
SOD15-026,Variation preparation,Variation approval,Same Project/Period,PROHIBITED or requires documented compensating control,Policy engine blocks self-approval/self-certification by same principal where applicable,HARD_DENY,"For HARD_DENY no override except formal break-glass with independent after-the-fact review; for conditional class, named control owner + expiry + evidence + independent approval required."
SOD15-027,Claim preparation,Claim final determination,Same Transaction,PROHIBITED or requires documented compensating control,Policy engine blocks self-approval/self-certification by same principal where applicable,HARD_DENY,"For HARD_DENY no override except formal break-glass with independent after-the-fact review; for conditional class, named control owner + expiry + evidence + independent approval required."
SOD15-028,Claim preparation,Claim final determination,Same Project/Period,PROHIBITED or requires documented compensating control,Policy engine blocks self-approval/self-certification by same principal where applicable,HARD_DENY,"For HARD_DENY no override except formal break-glass with independent after-the-fact review; for conditional class, named control owner + expiry + evidence + independent approval required."
SOD15-029,Measurement preparation,IPC certification,Same Transaction,PROHIBITED or requires documented compensating control,Policy engine blocks self-approval/self-certification by same principal where applicable,DENY_UNLESS_PREAPPROVED_COMPENSATING_CONTROL,"For HARD_DENY no override except formal break-glass with independent after-the-fact review; for conditional class, named control owner + expiry + evidence + independent approval required."
SOD15-030,Measurement preparation,IPC certification,Same Project/Period,PROHIBITED or requires documented compensating control,Policy engine blocks self-approval/self-certification by same principal where applicable,DENY_UNLESS_PREAPPROVED_COMPENSATING_CONTROL,"For HARD_DENY no override except formal break-glass with independent after-the-fact review; for conditional class, named control owner + expiry + evidence + independent approval required."
SOD15-031,IPC certification,Payment release,Same Transaction,PROHIBITED or requires documented compensating control,Policy engine blocks self-approval/self-certification by same principal where applicable,HARD_DENY,"For HARD_DENY no override except formal break-glass with independent after-the-fact review; for conditional class, named control owner + expiry + evidence + independent approval required."
SOD15-032,IPC certification,Payment release,Same Project/Period,PROHIBITED or requires documented compensating control,Policy engine blocks self-approval/self-certification by same principal where applicable,HARD_DENY,"For HARD_DENY no override except formal break-glass with independent after-the-fact review; for conditional class, named control owner + expiry + evidence + independent approval required."
SOD15-033,Payroll preparation,Payroll approval,Same Transaction,PROHIBITED or requires documented compensating control,Policy engine blocks self-approval/self-certification by same principal where applicable,HARD_DENY,"For HARD_DENY no override except formal break-glass with independent after-the-fact review; for conditional class, named control owner + expiry + evidence + independent approval required."
SOD15-034,Payroll preparation,Payroll approval,Same Project/Period,PROHIBITED or requires documented compensating control,Policy engine blocks self-approval/self-certification by same principal where applicable,HARD_DENY,"For HARD_DENY no override except formal break-glass with independent after-the-fact review; for conditional class, named control owner + expiry + evidence + independent approval required."
SOD15-035,Employee master maintenance,Payroll release,Same Transaction,PROHIBITED or requires documented compensating control,Policy engine blocks self-approval/self-certification by same principal where applicable,HARD_DENY,"For HARD_DENY no override except formal break-glass with independent after-the-fact review; for conditional class, named control owner + expiry + evidence + independent approval required."
SOD15-036,Employee master maintenance,Payroll release,Same Project/Period,PROHIBITED or requires documented compensating control,Policy engine blocks self-approval/self-certification by same principal where applicable,HARD_DENY,"For HARD_DENY no override except formal break-glass with independent after-the-fact review; for conditional class, named control owner + expiry + evidence + independent approval required."
SOD15-037,User provisioning,Security-role approval,Same Transaction,PROHIBITED or requires documented compensating control,Policy engine blocks self-approval/self-certification by same principal where applicable,HARD_DENY,"For HARD_DENY no override except formal break-glass with independent after-the-fact review; for conditional class, named control owner + expiry + evidence + independent approval required."
SOD15-038,User provisioning,Security-role approval,Same Project/Period,PROHIBITED or requires documented compensating control,Policy engine blocks self-approval/self-certification by same principal where applicable,HARD_DENY,"For HARD_DENY no override except formal break-glass with independent after-the-fact review; for conditional class, named control owner + expiry + evidence + independent approval required."
SOD15-039,Security policy authoring,Security policy approval,Same Transaction,PROHIBITED or requires documented compensating control,Policy engine blocks self-approval/self-certification by same principal where applicable,HARD_DENY,"For HARD_DENY no override except formal break-glass with independent after-the-fact review; for conditional class, named control owner + expiry + evidence + independent approval required."
SOD15-040,Security policy authoring,Security policy approval,Same Project/Period,PROHIBITED or requires documented compensating control,Policy engine blocks self-approval/self-certification by same principal where applicable,HARD_DENY,"For HARD_DENY no override except formal break-glass with independent after-the-fact review; for conditional class, named control owner + expiry + evidence + independent approval required."
SOD15-041,Key rotation initiation,Key activation approval,Same Transaction,PROHIBITED or requires documented compensating control,Policy engine blocks self-approval/self-certification by same principal where applicable,HARD_DENY,"For HARD_DENY no override except formal break-glass with independent after-the-fact review; for conditional class, named control owner + expiry + evidence + independent approval required."
SOD15-042,Key rotation initiation,Key activation approval,Same Project/Period,PROHIBITED or requires documented compensating control,Policy engine blocks self-approval/self-certification by same principal where applicable,HARD_DENY,"For HARD_DENY no override except formal break-glass with independent after-the-fact review; for conditional class, named control owner + expiry + evidence + independent approval required."
SOD15-043,Backup administration,Production restore approval,Same Transaction,PROHIBITED or requires documented compensating control,Policy engine blocks self-approval/self-certification by same principal where applicable,HARD_DENY,"For HARD_DENY no override except formal break-glass with independent after-the-fact review; for conditional class, named control owner + expiry + evidence + independent approval required."
SOD15-044,Backup administration,Production restore approval,Same Project/Period,PROHIBITED or requires documented compensating control,Policy engine blocks self-approval/self-certification by same principal where applicable,HARD_DENY,"For HARD_DENY no override except formal break-glass with independent after-the-fact review; for conditional class, named control owner + expiry + evidence + independent approval required."
SOD15-045,Deployment preparation,Production release approval,Same Transaction,PROHIBITED or requires documented compensating control,Policy engine blocks self-approval/self-certification by same principal where applicable,HARD_DENY,"For HARD_DENY no override except formal break-glass with independent after-the-fact review; for conditional class, named control owner + expiry + evidence + independent approval required."
SOD15-046,Deployment preparation,Production release approval,Same Project/Period,PROHIBITED or requires documented compensating control,Policy engine blocks self-approval/self-certification by same principal where applicable,HARD_DENY,"For HARD_DENY no override except formal break-glass with independent after-the-fact review; for conditional class, named control owner + expiry + evidence + independent approval required."
SOD15-047,Code authoring,Production deployment approval,Same Transaction,PROHIBITED or requires documented compensating control,Policy engine blocks self-approval/self-certification by same principal where applicable,HARD_DENY,"For HARD_DENY no override except formal break-glass with independent after-the-fact review; for conditional class, named control owner + expiry + evidence + independent approval required."
SOD15-048,Code authoring,Production deployment approval,Same Project/Period,PROHIBITED or requires documented compensating control,Policy engine blocks self-approval/self-certification by same principal where applicable,HARD_DENY,"For HARD_DENY no override except formal break-glass with independent after-the-fact review; for conditional class, named control owner + expiry + evidence + independent approval required."
SOD15-049,Test execution,Independent acceptance approval,Same Transaction,PROHIBITED or requires documented compensating control,Policy engine blocks self-approval/self-certification by same principal where applicable,HARD_DENY,"For HARD_DENY no override except formal break-glass with independent after-the-fact review; for conditional class, named control owner + expiry + evidence + independent approval required."
SOD15-050,Test execution,Independent acceptance approval,Same Project/Period,PROHIBITED or requires documented compensating control,Policy engine blocks self-approval/self-certification by same principal where applicable,HARD_DENY,"For HARD_DENY no override except formal break-glass with independent after-the-fact review; for conditional class, named control owner + expiry + evidence + independent approval required."
SOD15-051,Design authoring,Design approval,Same Transaction,PROHIBITED or requires documented compensating control,Policy engine blocks self-approval/self-certification by same principal where applicable,HARD_DENY,"For HARD_DENY no override except formal break-glass with independent after-the-fact review; for conditional class, named control owner + expiry + evidence + independent approval required."
SOD15-052,Design authoring,Design approval,Same Project/Period,PROHIBITED or requires documented compensating control,Policy engine blocks self-approval/self-certification by same principal where applicable,HARD_DENY,"For HARD_DENY no override except formal break-glass with independent after-the-fact review; for conditional class, named control owner + expiry + evidence + independent approval required."
SOD15-053,Shop drawing preparation,Issued-for-construction approval,Same Transaction,PROHIBITED or requires documented compensating control,Policy engine blocks self-approval/self-certification by same principal where applicable,HARD_DENY,"For HARD_DENY no override except formal break-glass with independent after-the-fact review; for conditional class, named control owner + expiry + evidence + independent approval required."
SOD15-054,Shop drawing preparation,Issued-for-construction approval,Same Project/Period,PROHIBITED or requires documented compensating control,Policy engine blocks self-approval/self-certification by same principal where applicable,HARD_DENY,"For HARD_DENY no override except formal break-glass with independent after-the-fact review; for conditional class, named control owner + expiry + evidence + independent approval required."
SOD15-055,Inspection request creation,Inspection acceptance,Same Transaction,PROHIBITED or requires documented compensating control,Policy engine blocks self-approval/self-certification by same principal where applicable,DENY_UNLESS_PREAPPROVED_COMPENSATING_CONTROL,"For HARD_DENY no override except formal break-glass with independent after-the-fact review; for conditional class, named control owner + expiry + evidence + independent approval required."
SOD15-056,Inspection request creation,Inspection acceptance,Same Project/Period,PROHIBITED or requires documented compensating control,Policy engine blocks self-approval/self-certification by same principal where applicable,DENY_UNLESS_PREAPPROVED_COMPENSATING_CONTROL,"For HARD_DENY no override except formal break-glass with independent after-the-fact review; for conditional class, named control owner + expiry + evidence + independent approval required."
SOD15-057,NCR creation,NCR closure approval,Same Transaction,PROHIBITED or requires documented compensating control,Policy engine blocks self-approval/self-certification by same principal where applicable,HARD_DENY,"For HARD_DENY no override except formal break-glass with independent after-the-fact review; for conditional class, named control owner + expiry + evidence + independent approval required."
SOD15-058,NCR creation,NCR closure approval,Same Project/Period,PROHIBITED or requires documented compensating control,Policy engine blocks self-approval/self-certification by same principal where applicable,HARD_DENY,"For HARD_DENY no override except formal break-glass with independent after-the-fact review; for conditional class, named control owner + expiry + evidence + independent approval required."
SOD15-059,Material request,Material issue custody,Same Transaction,PROHIBITED or requires documented compensating control,Policy engine blocks self-approval/self-certification by same principal where applicable,DENY_UNLESS_PREAPPROVED_COMPENSATING_CONTROL,"For HARD_DENY no override except formal break-glass with independent after-the-fact review; for conditional class, named control owner + expiry + evidence + independent approval required."
SOD15-060,Material request,Material issue custody,Same Project/Period,PROHIBITED or requires documented compensating control,Policy engine blocks self-approval/self-certification by same principal where applicable,DENY_UNLESS_PREAPPROVED_COMPENSATING_CONTROL,"For HARD_DENY no override except formal break-glass with independent after-the-fact review; for conditional class, named control owner + expiry + evidence + independent approval required."
