step,table,table_rows,step17_requirements_from_table,status
03,01_BASELINE_GENEALOGY.csv,3,0,NOT_CARRIED_TO_STEP17
03,07_STEP03_v1_2_PRODUCT_BOUNDARY_MATRIX_F01-F86.csv,86,86,CARRIED
03,08_STEP03_v1_2_PRODUCT_PACK_CATALOG_15.csv,15,15,CARRIED
03,09_STEP03_v1_2_DEPLOYMENT_PROFILES.csv,9,9,CARRIED
04,01_BASELINE_GENEALOGY.csv,3,0,NOT_CARRIED_TO_STEP17
04,11_STEP04_v1_3_ENTERPRISE_FUNCTION_MAP_39.csv,39,39,CARRIED
04,12_STEP04_v1_3_END_TO_END_VALUE_STREAMS_31.csv,31,31,CARRIED
04,13_STEP04_v1_3_CRITICAL_HANDOFFS_34.csv,34,34,CARRIED
04,14_STEP04_v1_3_OPERATING_MODEL_INVARIANTS_26.csv,26,26,CARRIED
05,01_BASELINE_GENEALOGY.csv,3,0,NOT_CARRIED_TO_STEP17
05,16_STEP05_v1_2_LOGICAL_COMPONENT_CATALOG_78.csv,78,78,CARRIED
05,17_STEP05_v1_2_F01-F86_COMPONENT_TRACEABILITY.csv,86,0,NOT_CARRIED_TO_STEP17
05,18_STEP05_v1_2_BOUNDED_CONTEXT_MAP_26.csv,26,0,NOT_CARRIED_TO_STEP17
05,19_STEP05_v1_2_COMPONENT_DEPENDENCY_MATRIX.csv,143,0,NOT_CARRIED_TO_STEP17
05,20_STEP05_v1_2_FORBIDDEN_DEPENDENCY_RULES_15.csv,15,15,CARRIED
05,21_STEP05_v1_2_TRANSACTION_CONSISTENCY_MATRIX_18.csv,18,18,CARRIED
05,22_STEP05_v1_2_STEP04_CC04_TRACEABILITY_12.csv,12,0,NOT_CARRIED_TO_STEP17
05,23_STEP05_v1_2_STAKEHOLDER_CONCERN_VIEWPOINT_MATRIX_18.csv,18,0,NOT_CARRIED_TO_STEP17
05,24_STEP05_v1_2_ARCHITECTURE_MODEL_KINDS_16.csv,16,0,NOT_CARRIED_TO_STEP17
05,25_STEP05_v1_2_RETENTION_DELETION_PROPAGATION_12.csv,12,0,NOT_CARRIED_TO_STEP17
05,26_STEP05_v1_2_CONCURRENCY_CONFLICT_MATRIX_15.csv,15,0,NOT_CARRIED_TO_STEP17
05,27_STEP05_v1_2_EXTERNAL_SIDE_EFFECT_SEMANTICS_12.csv,12,0,NOT_CARRIED_TO_STEP17
05,28_STEP05_v1_2_ISOLATION_BLAST_RADIUS_MATRIX_15.csv,15,0,NOT_CARRIED_TO_STEP17
05,29_STEP05_v1_2_LOCALIZATION_CONTEXT_MATRIX_12.csv,12,0,NOT_CARRIED_TO_STEP17
05,30_STEP05_v1_2_OPENBIM_STANDARDS_PROFILE_6.csv,6,0,NOT_CARRIED_TO_STEP17
05,31_STEP05_v1_2_ARCHITECTURE_RISK_DEBT_WAIVER_REGISTER_18.csv,18,0,NOT_CARRIED_TO_STEP17
05,32_STEP05_v1_2_NFR_MEASUREMENT_OBLIGATIONS_18.csv,18,18,CARRIED
05,33_STEP05_v1_2_ARCHITECTURE_EVALUATION_30.csv,30,0,NOT_CARRIED_TO_STEP17
05,34_STEP05_v1_2_SECURITY_THREAT_CONTROL_MATRIX_20.csv,20,0,NOT_CARRIED_TO_STEP17
05,35_FORENSIC_REFERENCE_REGISTER_15.csv,15,0,NOT_CARRIED_TO_STEP17
06,01_BASELINE_GENEALOGY_v1_3.csv,3,0,NOT_CARRIED_TO_STEP17
06,02_CONTROLLED_CHANGE_SCOPE.csv,2,0,NOT_CARRIED_TO_STEP17
06,03D_BASE_AGGREGATE_FIELD_CONTRACT.csv,3310,0,NOT_CARRIED_TO_STEP17
06,03E_AGGREGATE_DOMAIN_EXTENSION_REGISTER_276.csv,276,0,NOT_CARRIED_TO_STEP17
06,03F_PROPOSED_DOMAIN_FIELD_EXTENSION.csv,1612,0,NOT_CARRIED_TO_STEP17
06,03G_PROPOSED_WRITABLE_ALLOWLIST.csv,1612,0,NOT_CARRIED_TO_STEP17
06,03_CANONICAL_BUSINESS_AGGREGATE_CATALOG_UNCHANGED_276.csv,276,0,NOT_CARRIED_TO_STEP17
06,41A_AGGREGATE_LIFECYCLE_TRANSITION_MATRIX.csv,843,0,NOT_CARRIED_TO_STEP17
06,41B_AGGREGATE_LIFECYCLE_SUMMARY_276.csv,276,0,NOT_CARRIED_TO_STEP17
06,41C_LIFECYCLE_ENFORCEMENT_POLICY_8.csv,8,0,NOT_CARRIED_TO_STEP17
06,41D_PROPOSED_BUSINESS_TRANSITION_GUARDS.csv,843,0,NOT_CARRIED_TO_STEP17
06,80_CONTROLLED_CHANGE_TRACEABILITY.csv,4,0,NOT_CARRIED_TO_STEP17
06,82_DOMAIN_COMMITTEE_PROPOSAL_COVERAGE_276.csv,276,0,NOT_CARRIED_TO_STEP17
07,01_BASELINE_AND_GENEALOGY.csv,8,0,NOT_CARRIED_TO_STEP17
07,02_BLIND_ADVERSARIAL_FINDINGS_7.csv,7,0,NOT_CARRIED_TO_STEP17
07,02_SECOND_PASS_BLIND_FINDINGS_6.csv,6,0,NOT_CARRIED_TO_STEP17
07,03_ENGINE_PRINCIPLES_45.csv,45,0,NOT_CARRIED_TO_STEP17
07,04_ENGINE_CATALOG_43.csv,43,43,CARRIED
07,05_EXECUTABLE_DEFINITION_TYPES_41.csv,41,0,NOT_CARRIED_TO_STEP17
07,06_RUNTIME_INSTANCE_TYPES_39.csv,39,0,NOT_CARRIED_TO_STEP17
07,07_EXECUTABLE_DEFINITION_CONTRACT_49.csv,49,0,NOT_CARRIED_TO_STEP17
07,08_RUNTIME_EXECUTION_ENVELOPE_40.csv,40,0,NOT_CARRIED_TO_STEP17
07,09_LIFECYCLE_MATRIX_17.csv,17,0,NOT_CARRIED_TO_STEP17
07,10_MASTER_OWNERSHIP_MATRIX_123.csv,123,0,NOT_CARRIED_TO_STEP17
07,11_SOURCE_OF_TRUTH_MATRIX_123.csv,123,0,NOT_CARRIED_TO_STEP17
07,12_ENGINE_DEPENDENCY_GRAPH_v1_2.csv,92,0,NOT_CARRIED_TO_STEP17
07,13_FORBIDDEN_DEPENDENCIES_38.csv,38,38,CARRIED
07,14_APPROVAL_DOA_AUTHORITY_RULES_20.csv,20,20,CARRIED
07,15_RULE_DECISION_FORMULA_SEMANTICS_24.csv,24,0,NOT_CARRIED_TO_STEP17
07,16_TIMER_SLA_SCHEDULER_RULES_18.csv,18,0,NOT_CARRIED_TO_STEP17
07,17_CONCURRENCY_RECOVERY_MATRIX_BASE_20.csv,20,0,NOT_CARRIED_TO_STEP17
07,18_PROCESS_EXECUTION_SEMANTICS_30.csv,30,0,NOT_CARRIED_TO_STEP17
07,19_ADAPTIVE_CASE_SEMANTICS_20.csv,20,0,NOT_CARRIED_TO_STEP17
07,20_LOW_CODE_THREAT_CONTROL_BASE_30.csv,30,0,NOT_CARRIED_TO_STEP17
07,21_POLICY_DECISION_ENFORCEMENT_CONTRACT_20.csv,20,20,CARRIED
07,22_EXECUTION_RESOURCE_BUDGETS_BASE_20.csv,20,0,NOT_CARRIED_TO_STEP17
07,23_DEFINITION_PACKAGE_COMPATIBILITY_BASE_20.csv,20,0,NOT_CARRIED_TO_STEP17
07,24_DYNAMIC_METADATA_EVOLUTION_20.csv,20,0,NOT_CARRIED_TO_STEP17
07,25_INTEROPERABILITY_PROFILE_12.csv,12,0,NOT_CARRIED_TO_STEP17
07,26_NOTIFICATION_ATTENTION_SEMANTICS_24.csv,24,0,NOT_CARRIED_TO_STEP17
07,27_GENERIC_OUTPUT_ORCHESTRATION_20.csv,20,0,NOT_CARRIED_TO_STEP17
07,28_AGENT_SKILL_MANIFEST_PRIMITIVES_24.csv,24,0,NOT_CARRIED_TO_STEP17
07,29_OFFLINE_RUNTIME_RECONNECT_SEMANTICS_28.csv,28,0,NOT_CARRIED_TO_STEP17
07,30_LOCALIZATION_JURISDICTION_RUNTIME_24.csv,24,0,NOT_CARRIED_TO_STEP17
07,31_ENVIRONMENT_PROMOTION_BINDING_24.csv,24,0,NOT_CARRIED_TO_STEP17
07,32_F01_F86_STAGE07_COVERAGE_86.csv,86,0,NOT_CARRIED_TO_STEP17
07,33_GOLDEN_CASE_STAGE07_TRACEABILITY_38.csv,38,0,NOT_CARRIED_TO_STEP17
07,34_HIGH_RISK_COLLISION_MATRIX_102.csv,102,0,NOT_CARRIED_TO_STEP17
07,35_CONCURRENCY_RECOVERY_MATRIX_28.csv,28,0,NOT_CARRIED_TO_STEP17
07,36_LOW_CODE_SECURITY_THREATS_42.csv,42,0,NOT_CARRIED_TO_STEP17
07,37_EXECUTION_RESOURCE_BUDGETS_28.csv,28,0,NOT_CARRIED_TO_STEP17
07,38_HOSTILE_ENGINE_ATTACKS_230.csv,230,0,NOT_CARRIED_TO_STEP17
07,39_CROSS_STAGE_BOUNDARIES_16.csv,16,0,NOT_CARRIED_TO_STEP17
07,40_STATIC_SOUNDNESS_IMPACT_ANALYSIS_28.csv,28,0,NOT_CARRIED_TO_STEP17
07,41_REFERENCE_REGISTER_14.csv,14,0,NOT_CARRIED_TO_STEP17
07,42_MACHINE_VALIDATION_GATES_139.csv,139,0,NOT_CARRIED_TO_STEP17
07,43_FIXED_HASH_BLIND_INDEPENDENT_REVIEW_50.csv,50,0,NOT_CARRIED_TO_STEP17
08,01_BASELINE_GENEALOGY_v1_1_HISTORICAL.csv,2,0,NOT_CARRIED_TO_STEP17
08,01_BASELINE_GENEALOGY_v1_2.csv,6,0,NOT_CARRIED_TO_STEP17
08,02_LAST_CHANCE_FORENSIC_FINDINGS_14.csv,14,0,NOT_CARRIED_TO_STEP17
08,03_ENGINEERING_PRINCIPLES_65.csv,65,0,NOT_CARRIED_TO_STEP17
08,04_ENGINE_CATALOG_110.csv,110,110,CARRIED
08,05_LAST_CHANCE_REVIEW_UNIVERSE_50.csv,50,0,NOT_CARRIED_TO_STEP17
08,06_COMPUTATIONAL_MODEL_VVUQ_CREDIBILITY_CONTRACT_58.csv,58,58,CARRIED
08,07_DESIGN_BASIS_AND_CRITERIA_CONTRACT_33.csv,33,0,NOT_CARRIED_TO_STEP17
08,08_EXISTING_ASSET_DURABILITY_SERVICE_LIFE_RULES_40.csv,40,0,NOT_CARRIED_TO_STEP17
08,09_RELIABILITY_FUNCTIONAL_PROCESS_SAFETY_RULES_40.csv,40,0,NOT_CARRIED_TO_STEP17
08,10_SPECIALIST_SOLVER_CONTRACT_72.csv,72,72,CARRIED
08,11_ENGINEERING_RUN_ENVELOPE_64.csv,64,64,CARRIED
08,12_MASTER_OWNERSHIP_MATRIX_146.csv,146,0,NOT_CARRIED_TO_STEP17
08,13_SOURCE_OF_TRUTH_MATRIX_146.csv,146,0,NOT_CARRIED_TO_STEP17
08,14_HIGH_RISK_COLLISION_MATRIX_150.csv,150,0,NOT_CARRIED_TO_STEP17
08,15_FAILURE_RECOVERY_MATRIX_91.csv,91,0,NOT_CARRIED_TO_STEP17
08,16_HOSTILE_ENGINEERING_ATTACKS_392.csv,392,0,NOT_CARRIED_TO_STEP17
08,17_REFERENCE_REGISTER_34.csv,34,0,NOT_CARRIED_TO_STEP17
08,18_MACHINE_VALIDATION_GATES_173_v1_1_HISTORICAL.csv,173,0,NOT_CARRIED_TO_STEP17
08,19_FIXED_HASH_LAST_CHANCE_INDEPENDENT_REVIEW_80.csv,80,0,NOT_CARRIED_TO_STEP17
08,20_REDTEAM_DOWNSTREAM_REBIND_MATRIX.csv,5,0,NOT_CARRIED_TO_STEP17
08,21_REBIND_MACHINE_GATES.csv,6,0,NOT_CARRIED_TO_STEP17
09,01_BASELINE_GENEALOGY_v1_1.csv,7,0,NOT_CARRIED_TO_STEP17
09,02_BUSINESS_FINANCIAL_PRINCIPLES_70.csv,70,0,NOT_CARRIED_TO_STEP17
09,03_ENGINE_CATALOG_202.csv,202,0,NOT_CARRIED_TO_STEP17
09,04_REVIEW_UNIVERSE_60.csv,60,0,NOT_CARRIED_TO_STEP17
09,05_COMMERCIAL_ACCOUNTING_CASH_TRUTH_LADDER_20.csv,20,0,NOT_CARRIED_TO_STEP17
09,06_COMMERCIAL_EVENT_CONTRACT_61.csv,61,61,CARRIED
09,07_ACCOUNTING_POSTING_CONTRACT_62.csv,62,62,CARRIED
09,08_REVENUE_RECOGNITION_CONTRACT_48.csv,48,0,NOT_CARRIED_TO_STEP17
09,09_COST_LEDGER_CONTRACT_52.csv,52,52,CARRIED
09,10_PAYMENT_TREASURY_CONTRACT_39.csv,39,0,NOT_CARRIED_TO_STEP17
09,11_TAX_FISCAL_CONTRACT_36.csv,36,0,NOT_CARRIED_TO_STEP17
09,12_MASTER_OWNERSHIP_MATRIX_202.csv,202,0,NOT_CARRIED_TO_STEP17
09,13_SOURCE_OF_TRUTH_MATRIX_202.csv,202,0,NOT_CARRIED_TO_STEP17
09,14_HIGH_RISK_COLLISION_MATRIX_104.csv,104,0,NOT_CARRIED_TO_STEP17
09,15_FAILURE_RECOVERY_MATRIX_80.csv,80,0,NOT_CARRIED_TO_STEP17
09,16_HOSTILE_BUSINESS_FINANCIAL_ATTACKS_180.csv,180,0,NOT_CARRIED_TO_STEP17
09,17_REFERENCE_REGISTER_20.csv,20,0,NOT_CARRIED_TO_STEP17
09,18_BLIND_ADVERSARIAL_FINDINGS_12.csv,12,0,NOT_CARRIED_TO_STEP17
09,19_MACHINE_VALIDATION_GATES_131.csv,131,0,NOT_CARRIED_TO_STEP17
09,20_FIXED_HASH_BLIND_INDEPENDENT_REVIEW_94.csv,94,0,NOT_CARRIED_TO_STEP17
10,01A_VERSION_HISTORY_HISTORICAL.csv,2,0,NOT_CARRIED_TO_STEP17
10,01_BASELINE_GENEALOGY.csv,8,0,NOT_CARRIED_TO_STEP17
10,02_AI_CONSTITUTION_BASE_92.csv,92,0,NOT_CARRIED_TO_STEP17
10,03_AI_ORCHESTRATOR_COMPONENTS_111.csv,111,0,NOT_CARRIED_TO_STEP17
10,04_AGENT_CATALOG_256_WITH_86_FAMILY_COVERAGE.csv,256,0,NOT_CARRIED_TO_STEP17
10,05_FAMILY_TO_AGENT_TRACEABILITY_86.csv,86,0,NOT_CARRIED_TO_STEP17
10,06_AGENT_RUN_ENVELOPE_58.csv,58,0,NOT_CARRIED_TO_STEP17
10,07_AGENT_MANIFEST_CONTRACT_78.csv,78,78,CARRIED
10,08_TOOL_CONTRACT_63.csv,63,63,CARRIED
10,09_AGENT_IDENTITY_DELEGATION_CONTRACT_41.csv,41,0,NOT_CARRIED_TO_STEP17
10,10_MEMORY_CONTRACT_48.csv,48,0,NOT_CARRIED_TO_STEP17
10,11_MODEL_ROUTING_PROVIDER_CONTRACT_50.csv,50,0,NOT_CARRIED_TO_STEP17
10,12_AI_AUTHORITY_AUTONOMY_MATRIX_16.csv,16,0,NOT_CARRIED_TO_STEP17
10,13_PROMPT_SYSTEM_INSTRUCTION_CONTRACT_50.csv,50,0,NOT_CARRIED_TO_STEP17
10,14_AGENTIC_THREAT_CONTROL_MATRIX_133.csv,133,0,NOT_CARRIED_TO_STEP17
10,15_EVALUATION_FRAMEWORK_101.csv,101,0,NOT_CARRIED_TO_STEP17
10,16_HIGH_RISK_COLLISION_MATRIX_80.csv,80,0,NOT_CARRIED_TO_STEP17
10,17_FAILURE_RECOVERY_MATRIX_105.csv,105,0,NOT_CARRIED_TO_STEP17
10,18_HOSTILE_AGENTIC_ATTACKS_350.csv,350,0,NOT_CARRIED_TO_STEP17
10,19_MASTER_OWNERSHIP_MATRIX_123.csv,123,0,NOT_CARRIED_TO_STEP17
10,20_SOURCE_OF_TRUTH_MATRIX_123.csv,123,0,NOT_CARRIED_TO_STEP17
10,21_REFERENCE_REGISTER_13.csv,13,0,NOT_CARRIED_TO_STEP17
10,22_LAST_CHANCE_FINDINGS_v1_2_CORRECTED.csv,10,0,NOT_CARRIED_TO_STEP17
10,23_MACHINE_VALIDATION_GATES_121_v1_1_HISTORICAL.csv,121,0,NOT_CARRIED_TO_STEP17
10,24_FIXED_HASH_LAST_CHANCE_REVIEW_91_v1_1_HISTORICAL.csv,91,0,NOT_CARRIED_TO_STEP17
11,00_BASELINE_GENEALOGY_v1_2.csv,2,0,NOT_CARRIED_TO_STEP17
11,01_BASELINE_GENEALOGY_v1_1_HISTORICAL.csv,2,0,NOT_CARRIED_TO_STEP17
11,02_KNOWLEDGE_CONSTITUTION_107.csv,107,0,NOT_CARRIED_TO_STEP17
11,03_KNOWLEDGE_COMPONENTS_142.csv,142,0,NOT_CARRIED_TO_STEP17
11,04_SOURCE_CLASS_CATALOG_105.csv,105,0,NOT_CARRIED_TO_STEP17
11,05_SOURCE_AUTHORITY_CONTRACT_68.csv,68,68,CARRIED
11,06_APPLICABILITY_PRECEDENCE_CONTRACT_52.csv,52,0,NOT_CARRIED_TO_STEP17
11,07_INGESTION_PARSING_CONTRACT_58.csv,58,0,NOT_CARRIED_TO_STEP17
11,08_CHUNK_STRUCTURE_CONTRACT_42.csv,42,0,NOT_CARRIED_TO_STEP17
11,09_RETRIEVAL_RERANK_CONTRACT_60.csv,60,60,CARRIED
11,10_CLAIM_CITATION_EVIDENCE_CONTRACT_46.csv,46,46,CARRIED
11,11_RIGHTS_LICENSE_USAGE_CONTRACT_50.csv,50,50,CARRIED
11,12_FAMILY_KNOWLEDGE_TRACEABILITY_86.csv,86,0,NOT_CARRIED_TO_STEP17
11,13_AUTHORITY_PRECEDENCE_MODEL_10.csv,10,0,NOT_CARRIED_TO_STEP17
11,14_COLLISION_MATRIX_94.csv,94,0,NOT_CARRIED_TO_STEP17
11,15_FAILURE_RECOVERY_MATRIX_139.csv,139,0,NOT_CARRIED_TO_STEP17
11,16_KNOWLEDGE_SECURITY_THREATS_128.csv,128,0,NOT_CARRIED_TO_STEP17
11,17_RAG_KNOWLEDGE_EVALUATION_113.csv,113,0,NOT_CARRIED_TO_STEP17
11,18_MASTER_OWNERSHIP_MATRIX_142.csv,142,0,NOT_CARRIED_TO_STEP17
11,19_SOURCE_OF_TRUTH_MATRIX_142.csv,142,0,NOT_CARRIED_TO_STEP17
11,20_REFERENCE_REGISTER_20.csv,20,0,NOT_CARRIED_TO_STEP17
11,21_BLIND_ADVERSARIAL_FINDINGS_15.csv,15,0,NOT_CARRIED_TO_STEP17
11,22_HOSTILE_KNOWLEDGE_RAG_ATTACKS_v1_2.csv,300,0,NOT_CARRIED_TO_STEP17
11,23_LAST_CHANCE_FINDINGS_5.csv,5,0,NOT_CARRIED_TO_STEP17
11,24_MACHINE_VALIDATION_GATES_50_v1_1_HISTORICAL.csv,50,0,NOT_CARRIED_TO_STEP17
11,25_FIXED_HASH_LAST_CHANCE_REVIEW_84_v1_1_HISTORICAL.csv,84,0,NOT_CARRIED_TO_STEP17
12,01_BASELINE_GENEALOGY_v1_4_HISTORICAL.csv,5,0,NOT_CARRIED_TO_STEP17
12,01_BASELINE_GENEALOGY_v1_5.csv,7,0,NOT_CARRIED_TO_STEP17
12,02_DOCUMENT_CDE_OUTPUT_PRINCIPLES_110.csv,110,0,NOT_CARRIED_TO_STEP17
12,03_COMPONENT_CATALOG_152.csv,152,0,NOT_CARRIED_TO_STEP17
12,04_DOCUMENT_OBJECT_CONTRACT_64.csv,64,64,CARRIED
12,05_REVISION_STATUS_STATE_CONTRACT_40.csv,40,40,CARRIED
12,06_TRANSMITTAL_ISSUE_DISTRIBUTION_CONTRACT_48.csv,48,48,CARRIED
12,07_TEMPLATE_MANIFEST_CONTRACT_58.csv,58,0,NOT_CARRIED_TO_STEP17
12,08_RENDER_JOB_CONTRACT_55.csv,55,0,NOT_CARRIED_TO_STEP17
12,09_CONTROLLED_OUTPUT_CONTRACT_50.csv,50,50,CARRIED
12,11_COLLISION_MATRIX_90.csv,90,0,NOT_CARRIED_TO_STEP17
12,12_FAILURE_RECOVERY_MATRIX_142.csv,142,0,NOT_CARRIED_TO_STEP17
12,13_SECURITY_THREAT_MATRIX_139.csv,139,0,NOT_CARRIED_TO_STEP17
12,14_OUTPUT_EVALUATION_FRAMEWORK_126.csv,126,0,NOT_CARRIED_TO_STEP17
12,18_BLIND_FINDINGS_15.csv,15,0,NOT_CARRIED_TO_STEP17
12,19_ISSUE_PACKAGE_ATOMICITY_CONTRACT_54.csv,54,0,NOT_CARRIED_TO_STEP17
12,20_RENDER_REPRODUCIBILITY_LOCK_CONTRACT_49.csv,49,0,NOT_CARRIED_TO_STEP17
12,21_COPY_CONTROL_CONTRACT_38.csv,38,0,NOT_CARRIED_TO_STEP17
12,22_SIGNATURE_SEAL_TRUST_CONTRACT_42.csv,42,0,NOT_CARRIED_TO_STEP17
12,23_REDACTION_SANITIZATION_RELEASE_GATE_40.csv,40,0,NOT_CARRIED_TO_STEP17
12,24_ARABIC_RTL_BIDI_FIDELITY_CONTRACT_36.csv,36,0,NOT_CARRIED_TO_STEP17
12,25_PRESERVATION_ACCESSIBILITY_PROFILE_CONTRACT_34.csv,34,0,NOT_CARRIED_TO_STEP17
12,26_EVIDENTIARY_EXPORT_PACKAGE_CONTRACT_44.csv,44,0,NOT_CARRIED_TO_STEP17
12,27_LAST_CHANCE_FINDINGS_11.csv,11,0,NOT_CARRIED_TO_STEP17
12,31_HOSTILE_PRE_APPROVAL_FINDINGS_12.csv,12,0,NOT_CARRIED_TO_STEP17
12,32_ISSUE_ITEM_BINDING_CONTRACT_36.csv,36,0,NOT_CARRIED_TO_STEP17
12,33_DIGEST_INTEGRITY_PROFILE_CONTRACT_30.csv,30,0,NOT_CARRIED_TO_STEP17
12,34_REVIEW_COMMENT_DISPOSITION_CONTRACT_48.csv,48,0,NOT_CARRIED_TO_STEP17
12,35_SCAN_DIGITIZATION_CHAIN_OF_CUSTODY_CONTRACT_38.csv,38,0,NOT_CARRIED_TO_STEP17
12,36_COMPOUND_DOCUMENT_COMPONENT_CONTRACT_30.csv,30,0,NOT_CARRIED_TO_STEP17
12,37_OUTPUT_DEPENDENCY_STALENESS_CONTRACT_32.csv,32,0,NOT_CARRIED_TO_STEP17
12,38_ORGANIZATIONAL_SCOPE_AUTHORITY_CONTRACT_30.csv,30,0,NOT_CARRIED_TO_STEP17
12,39_HARDCOPY_CUSTODY_EVENT_CONTRACT_29.csv,29,0,NOT_CARRIED_TO_STEP17
12,40_FAMILY_OUTPUT_TRACEABILITY_86_SEMANTIC.csv,86,0,NOT_CARRIED_TO_STEP17
12,41_MASTER_OWNERSHIP_MATRIX_152_REALIGNED.csv,152,0,NOT_CARRIED_TO_STEP17
12,42_SOURCE_OF_TRUTH_MATRIX_152_REALIGNED.csv,152,0,NOT_CARRIED_TO_STEP17
12,43_REFERENCE_REGISTER_22_CURRENT.csv,22,0,NOT_CARRIED_TO_STEP17
12,44_MACHINE_VALIDATION_GATES_v1_4_HISTORICAL.csv,52,0,NOT_CARRIED_TO_STEP17
12,45_FIXED_HASH_HOSTILE_REVIEW_v1_4_HISTORICAL.csv,24,0,NOT_CARRIED_TO_STEP17
12,47_MASTER_FORENSIC_FINDINGS_v1_4.csv,8,0,NOT_CARRIED_TO_STEP17
12,48_REVIEW_UNIVERSE_BLIND_SPOT_TESTS_v1_4_HISTORICAL.csv,18,0,NOT_CARRIED_TO_STEP17
12,49_EVIDENCE_SET_INDEX_v1_4.csv,38,0,NOT_CARRIED_TO_STEP17
12,52_REDTEAM_DOWNSTREAM_REBIND_MATRIX.csv,6,0,NOT_CARRIED_TO_STEP17
12,53_REBIND_MACHINE_GATES.csv,8,0,NOT_CARRIED_TO_STEP17
12,54_CURRENT_REVALIDATION_v1_5.csv,6,0,NOT_CARRIED_TO_STEP17
12,56_OWNER_FREEZE_GATES.csv,5,0,NOT_CARRIED_TO_STEP17
13,00_BASELINE_GENEALOGY_v1_2.csv,8,0,NOT_CARRIED_TO_STEP17
13,01_BASELINE_GENEALOGY_v1_0_HISTORICAL.csv,9,0,NOT_CARRIED_TO_STEP17
13,02_UX_CONSTITUTION_80.csv,80,0,NOT_CARRIED_TO_STEP17
13,03_ROLE_WORKSPACE_MODEL_18.csv,18,0,NOT_CARRIED_TO_STEP17
13,04_INFORMATION_ARCHITECTURE_30.csv,30,0,NOT_CARRIED_TO_STEP17
13,05_SCREEN_ARCHETYPE_CATALOG_40.csv,40,0,NOT_CARRIED_TO_STEP17
13,06_DESIGN_TOKEN_CONTRACT.csv,48,0,NOT_CARRIED_TO_STEP17
13,07_COMPONENT_CONTRACT_40.csv,40,0,NOT_CARRIED_TO_STEP17
13,08_INTERACTION_STATE_MODEL_20.csv,20,0,NOT_CARRIED_TO_STEP17
13,09_RESPONSIVE_LAYOUT_CONTRACT_10.csv,10,0,NOT_CARRIED_TO_STEP17
13,10_MOBILE_FIELD_MODE_CONTRACT_16.csv,16,0,NOT_CARRIED_TO_STEP17
13,11_OFFLINE_UX_RECONNECT_CONTRACT_28.csv,28,0,NOT_CARRIED_TO_STEP17
13,12_FORM_DATA_ENTRY_CONTRACT_16.csv,16,0,NOT_CARRIED_TO_STEP17
13,13_TABLE_REGISTER_GRID_CONTRACT_12.csv,12,0,NOT_CARRIED_TO_STEP17
13,14_DASHBOARD_ANALYTICS_UX_CONTRACT_10.csv,10,0,NOT_CARRIED_TO_STEP17
13,15_APPROVAL_AUTHORITY_UX_CONTRACT_10.csv,10,0,NOT_CARRIED_TO_STEP17
13,16_DOCUMENT_CDE_UX_CONTRACT_14.csv,14,0,NOT_CARRIED_TO_STEP17
13,17_AI_ASSISTANT_UX_BOUNDARY_12.csv,12,0,NOT_CARRIED_TO_STEP17
13,18_NOTIFICATION_ATTENTION_UX_CONTRACT_24.csv,24,0,NOT_CARRIED_TO_STEP17
13,19_RTL_LOCALIZATION_ACCESSIBILITY_24.csv,24,0,NOT_CARRIED_TO_STEP17
13,20_ERROR_RECOVERY_DEGRADED_UX_12.csv,12,0,NOT_CARRIED_TO_STEP17
13,21_SECURITY_PRIVACY_UX_CONTRACT_12.csv,12,0,NOT_CARRIED_TO_STEP17
13,22_CROSS_STEP_TRACEABILITY_12.csv,12,0,NOT_CARRIED_TO_STEP17
13,23_MASTER_OWNERSHIP_MATRIX_15.csv,15,0,NOT_CARRIED_TO_STEP17
13,24_SOURCE_OF_TRUTH_MATRIX_15.csv,15,0,NOT_CARRIED_TO_STEP17
13,25_HIGH_RISK_COLLISION_MATRIX_20.csv,20,0,NOT_CARRIED_TO_STEP17
13,26_REVIEW_UNIVERSE_20.csv,20,0,NOT_CARRIED_TO_STEP17
13,27_HOSTILE_UX_ATTACKS_120.csv,120,0,NOT_CARRIED_TO_STEP17
13,28_REFERENCE_REGISTER_10.csv,10,0,NOT_CARRIED_TO_STEP17
13,29_MACHINE_VALIDATION_GATES_v1_0_HISTORICAL.csv,26,0,NOT_CARRIED_TO_STEP17
13,30_FIXED_HASH_HOSTILE_REVIEW_v1_0_HISTORICAL.csv,20,0,NOT_CARRIED_TO_STEP17
13,31_BLIND_REVIEW_OF_REVIEW_UNIVERSE_18_v1_0_HISTORICAL.csv,18,0,NOT_CARRIED_TO_STEP17
13,32_EVIDENCE_SET_INDEX_v1_0_HISTORICAL.csv,33,0,NOT_CARRIED_TO_STEP17
13,33_CRITICAL_END_TO_END_JOURNEYS_31.csv,31,31,CARRIED
13,34_JOURNEY_STATE_FLOW_155.csv,155,155,CARRIED
13,35_F01_F86_UX_JOURNEY_COVERAGE.csv,86,0,NOT_CARRIED_TO_STEP17
13,36_REPRESENTATIVE_LAYOUT_BASELINE_8.csv,8,0,NOT_CARRIED_TO_STEP17
13,37_REDTEAM_UPSTREAM_REBIND_MATRIX.csv,7,0,NOT_CARRIED_TO_STEP17
13,38_REBIND_MACHINE_GATES.csv,9,0,NOT_CARRIED_TO_STEP17
13,39_CURRENT_REVALIDATION_v1_2.csv,6,0,NOT_CARRIED_TO_STEP17
13,41_OWNER_FREEZE_GATES.csv,5,0,NOT_CARRIED_TO_STEP17
14,01_BASELINE_GENEALOGY_v1_0_HISTORICAL.csv,10,0,NOT_CARRIED_TO_STEP17
14,01_BASELINE_GENEALOGY_v1_1.csv,12,0,NOT_CARRIED_TO_STEP17
14,02_INTEGRATION_CONSTITUTION_60.csv,60,0,NOT_CARRIED_TO_STEP17
14,03_INTEGRATION_PATTERN_CATALOG_24.csv,24,0,NOT_CARRIED_TO_STEP17
14,04_EXTERNAL_SYSTEM_CONNECTOR_REGISTRY_CONTRACT_30.csv,30,0,NOT_CARRIED_TO_STEP17
14,05_API_CONTRACT_MINIMUM_33_FIELDS.csv,33,0,NOT_CARRIED_TO_STEP17
14,06_HTTP_API_SEMANTICS_36.csv,36,0,NOT_CARRIED_TO_STEP17
14,07_COMMAND_QUERY_EVENT_BOUNDARY_24.csv,24,0,NOT_CARRIED_TO_STEP17
14,08_CANONICAL_EVENT_ENVELOPE_MAPPING_20.csv,20,0,NOT_CARRIED_TO_STEP17
14,09_EVENT_TYPE_TAXONOMY_32.csv,32,0,NOT_CARRIED_TO_STEP17
14,10_EVENT_DELIVERY_IDEMPOTENCY_REPLAY_36.csv,36,0,NOT_CARRIED_TO_STEP17
14,11_SCHEMA_EVOLUTION_COMPATIBILITY_30.csv,30,0,NOT_CARRIED_TO_STEP17
14,12_WEBHOOK_CONTRACT_28.csv,28,0,NOT_CARRIED_TO_STEP17
14,13_BATCH_FILE_EXCHANGE_CONTRACT_30.csv,30,0,NOT_CARRIED_TO_STEP17
14,14_CDC_SYNC_CONTRACT_28.csv,28,0,NOT_CARRIED_TO_STEP17
14,15_EXTERNAL_AUTHORITY_INTEGRATION_24.csv,24,0,NOT_CARRIED_TO_STEP17
14,16_ADAPTER_ANTI_CORRUPTION_CONTRACT_24.csv,24,0,NOT_CARRIED_TO_STEP17
14,17_API_GATEWAY_PLATFORM_BOUNDARY_24.csv,24,0,NOT_CARRIED_TO_STEP17
14,18_RATE_LIMIT_BACKPRESSURE_QUOTA_24.csv,24,0,NOT_CARRIED_TO_STEP17
14,19_DEPENDENCY_RESILIENCE_CONTRACT_30.csv,30,0,NOT_CARRIED_TO_STEP17
14,20_RECONCILIATION_CONTROL_TOTALS_28.csv,28,0,NOT_CARRIED_TO_STEP17
14,21_OBSERVABILITY_TRACE_AUDIT_PROPAGATION_30.csv,30,0,NOT_CARRIED_TO_STEP17
14,22_ENVIRONMENT_BINDING_PROMOTION_24.csv,24,0,NOT_CARRIED_TO_STEP17
14,23_INTEGRATION_SECURITY_BOUNDARY_24.csv,24,0,NOT_CARRIED_TO_STEP17
14,24_CROSS_STEP_TRACEABILITY_18.csv,18,0,NOT_CARRIED_TO_STEP17
14,25_MASTER_OWNERSHIP_MATRIX_24.csv,24,0,NOT_CARRIED_TO_STEP17
14,26_SOURCE_OF_TRUTH_MATRIX_24.csv,24,0,NOT_CARRIED_TO_STEP17
14,27_HIGH_RISK_COLLISION_MATRIX_30.csv,30,0,NOT_CARRIED_TO_STEP17
14,28_REVIEW_UNIVERSE_24_v1_0_HISTORICAL.csv,24,0,NOT_CARRIED_TO_STEP17
14,29_HOSTILE_INTEGRATION_ATTACKS_v1_0_HISTORICAL.csv,144,0,NOT_CARRIED_TO_STEP17
14,30_REFERENCE_REGISTER_v1_0_HISTORICAL.csv,12,0,NOT_CARRIED_TO_STEP17
14,35_API_OPERATION_INVENTORY_552.csv,552,552,CARRIED
14,36_EVENT_SCHEMA_CATALOG_306.csv,306,306,CARRIED
14,37_PRODUCER_CONSUMER_SUBSCRIPTION_MATRIX_306.csv,306,0,NOT_CARRIED_TO_STEP17
14,38_COMPATIBILITY_GOLDEN_FIXTURES_30.csv,30,0,NOT_CARRIED_TO_STEP17
14,39_AGGREGATE_API_EVENT_TRACEABILITY_276.csv,276,0,NOT_CARRIED_TO_STEP17
14,40_HOSTILE_INTEGRATION_ATTACKS_120_CONCRETE.csv,120,0,NOT_CARRIED_TO_STEP17
14,41_BLIND_REVIEW_OF_REVIEW_UNIVERSE_20.csv,20,0,NOT_CARRIED_TO_STEP17
14,42_MACHINE_VALIDATION_GATES_v1_1.csv,12,0,NOT_CARRIED_TO_STEP17
14,43_FIXED_HASH_EVIDENCE_BINDING.csv,12,0,NOT_CARRIED_TO_STEP17
14,45_REBASE_MACHINE_GATES.csv,10,0,NOT_CARRIED_TO_STEP17
14,46_CURRENT_REVALIDATION_v1_1.csv,8,0,NOT_CARRIED_TO_STEP17
14,48_OWNER_FREEZE_GATES.csv,5,0,NOT_CARRIED_TO_STEP17
15,01_BASELINE_GENEALOGY_v1_1.csv,14,0,NOT_CARRIED_TO_STEP17
15,02_SECURITY_GOVERNANCE_PRINCIPLES_72.csv,72,0,NOT_CARRIED_TO_STEP17
15,03_TRUST_ZONE_MODEL_16.csv,16,0,NOT_CARRIED_TO_STEP17
15,04_PRINCIPAL_TYPE_CATALOG_20.csv,20,0,NOT_CARRIED_TO_STEP17
15,05_AUTHENTICATION_ASSURANCE_MATRIX_24.csv,24,0,NOT_CARRIED_TO_STEP17
15,06_PERMISSION_ACTION_TAXONOMY_24.csv,24,0,NOT_CARRIED_TO_STEP17
15,07A_ROLE_ACCESS_PROFILES_36.csv,36,0,NOT_CARRIED_TO_STEP17
15,07_ENTERPRISE_ROLE_CATALOG_36.csv,36,0,NOT_CARRIED_TO_STEP17
15,08A_FAMILY_ACTION_APPLICABILITY_86.csv,86,0,NOT_CARRIED_TO_STEP17
15,08_AGGREGATE_AUTHORIZATION_POLICY_276.csv,276,0,NOT_CARRIED_TO_STEP17
15,09A_AUTHORIZATION_DECISION_CONTRACT_40_FIELDS.csv,40,0,NOT_CARRIED_TO_STEP17
15,09B_POLICY_EVALUATION_ORDER_16.csv,16,0,NOT_CARRIED_TO_STEP17
15,09C_COMMAND_ACTION_RESOLUTION_CONTRACT_18.csv,18,18,CARRIED
15,09_API_AUTHORIZATION_MATRIX_552.csv,552,552,CARRIED
15,10A_SOD_ENFORCEMENT_CLASSIFICATION_60.csv,60,60,CARRIED
15,10_SEGREGATION_OF_DUTIES_CONFLICTS_60.csv,60,0,NOT_CARRIED_TO_STEP17
15,11_DOA_POLICY_BINDING_30.csv,30,0,NOT_CARRIED_TO_STEP17
15,12_PRIVILEGED_ACCESS_JIT_PAM_20.csv,20,0,NOT_CARRIED_TO_STEP17
15,13_SECRETS_KEY_MANAGEMENT_30.csv,30,0,NOT_CARRIED_TO_STEP17
15,14_SERVICE_MACHINE_IDENTITY_24.csv,24,0,NOT_CARRIED_TO_STEP17
15,15_TENANT_ISOLATION_CONTROLS_30.csv,30,30,CARRIED
15,16_AUDIT_EVENT_CONTRACT_45_FIELDS.csv,45,0,NOT_CARRIED_TO_STEP17
15,17_F01_F86_AUDIT_COVERAGE.csv,86,0,NOT_CARRIED_TO_STEP17
15,18_SECURITY_LOGGING_REDACTION_24.csv,24,0,NOT_CARRIED_TO_STEP17
15,19_SESSION_TOKEN_LIFECYCLE_24.csv,24,0,NOT_CARRIED_TO_STEP17
15,20_DATA_CLASSIFICATION_ENFORCEMENT_30.csv,30,0,NOT_CARRIED_TO_STEP17
15,21_CDE_DOCUMENT_SECURITY_24.csv,24,0,NOT_CARRIED_TO_STEP17
15,22_AI_AGENT_SECURITY_BOUNDARY_30.csv,30,0,NOT_CARRIED_TO_STEP17
15,23_RAG_KNOWLEDGE_SECURITY_24.csv,24,0,NOT_CARRIED_TO_STEP17
15,24_INTEGRATION_SECURITY_CONTROLS_24.csv,24,0,NOT_CARRIED_TO_STEP17
15,25_MOBILE_OFFLINE_SECURITY_30.csv,30,0,NOT_CARRIED_TO_STEP17
15,26_BREAK_GLASS_EMERGENCY_ACCESS_16.csv,16,0,NOT_CARRIED_TO_STEP17
15,27_SECURITY_THREAT_MODEL_80.csv,80,0,NOT_CARRIED_TO_STEP17
15,28_SECURITY_INCIDENT_RESPONSE_BOUNDARY_24.csv,24,0,NOT_CARRIED_TO_STEP17
15,29_MASTER_OWNERSHIP_MATRIX_32.csv,32,0,NOT_CARRIED_TO_STEP17
15,30_SOURCE_OF_TRUTH_MATRIX_32.csv,32,0,NOT_CARRIED_TO_STEP17
15,31_CROSS_STEP_SECURITY_TRACEABILITY_18.csv,18,0,NOT_CARRIED_TO_STEP17
15,32_REVIEW_UNIVERSE_30.csv,30,0,NOT_CARRIED_TO_STEP17
15,33_HOSTILE_SECURITY_ATTACKS_180.csv,180,0,NOT_CARRIED_TO_STEP17
15,34_MACHINE_VALIDATION_GATES.csv,15,0,NOT_CARRIED_TO_STEP17
15,35_REFERENCE_REGISTER_5.csv,5,0,NOT_CARRIED_TO_STEP17
15,36_TECHNICAL_EVIDENCE_INDEX.csv,41,0,NOT_CARRIED_TO_STEP17
15,37_FIXED_HASH_REDTEAM_REVIEW_33.csv,33,0,NOT_CARRIED_TO_STEP17
15,39_HOSTILE_AUDIT_FINDINGS_v1_1.csv,5,0,NOT_CARRIED_TO_STEP17
15,40_HOSTILE_REBUILD_MACHINE_GATES.csv,14,0,NOT_CARRIED_TO_STEP17
15,41_FIXED_HASH_HOSTILE_REVIEW_v1_1.csv,31,0,NOT_CARRIED_TO_STEP17
15,43_OWNER_FREEZE_GATES.csv,5,0,NOT_CARRIED_TO_STEP17
16,01_BASELINE_GENEALOGY_v1_1.csv,14,0,NOT_CARRIED_TO_STEP17
16,02_SAAS_COMMERCIAL_PRINCIPLES_60.csv,60,0,NOT_CARRIED_TO_STEP17
16,03_TENANT_LIFECYCLE_MODEL_9.csv,9,0,NOT_CARRIED_TO_STEP17
16,04_TENANT_OBJECT_CONTRACT_42_FIELDS.csv,42,0,NOT_CARRIED_TO_STEP17
16,05_COMMERCIAL_ACCOUNT_CONTRACT_30.csv,30,0,NOT_CARRIED_TO_STEP17
16,06A_PLAN_VERSION_CATALOG_12.csv,12,12,CARRIED
16,06_PRODUCT_PLAN_CATALOG_4.csv,4,0,NOT_CARRIED_TO_STEP17
16,07_FEATURE_ENTITLEMENT_CATALOG_86.csv,86,86,CARRIED
16,08_PLAN_ENTITLEMENT_MATRIX_344.csv,344,344,CARRIED
16,09_SUBSCRIPTION_CONTRACT_36_FIELDS.csv,36,0,NOT_CARRIED_TO_STEP17
16,10_ENTITLEMENT_DECISION_CONTRACT_32_FIELDS.csv,32,0,NOT_CARRIED_TO_STEP17
16,11_ENTITLEMENT_PRECEDENCE_8.csv,8,0,NOT_CARRIED_TO_STEP17
16,12_SEAT_LICENSE_MODEL_24.csv,24,0,NOT_CARRIED_TO_STEP17
16,13_USAGE_METER_EVENT_CONTRACT_36_FIELDS.csv,36,0,NOT_CARRIED_TO_STEP17
16,14_METER_CATALOG_30.csv,30,0,NOT_CARRIED_TO_STEP17
16,15_PRICE_BOOK_VERSIONING_40.csv,40,0,NOT_CARRIED_TO_STEP17
16,16A_COMMERCIAL_INVOICE_CONTRACT_34_FIELDS.csv,34,0,NOT_CARRIED_TO_STEP17
16,16_BILLING_INVOICE_BOUNDARY_32.csv,32,0,NOT_CARRIED_TO_STEP17
16,17_COMMERCIAL_EVENT_CATALOG_48.csv,48,0,NOT_CARRIED_TO_STEP17
16,18_BILLING_LIFECYCLE_16.csv,16,0,NOT_CARRIED_TO_STEP17
16,19_PAYMENT_PROVIDER_BOUNDARY_24.csv,24,0,NOT_CARRIED_TO_STEP17
16,20_TAX_JURISDICTION_BOUNDARY_20.csv,20,0,NOT_CARRIED_TO_STEP17
16,21_QUOTA_RATE_LIMIT_ENTITLEMENT_BOUNDARY_24.csv,24,0,NOT_CARRIED_TO_STEP17
16,22_TENANT_PROVISIONING_CONTRACT_30.csv,30,0,NOT_CARRIED_TO_STEP17
16,23_TENANT_MIGRATION_EXPORT_DELETE_36.csv,36,0,NOT_CARRIED_TO_STEP17
16,24_SUPPORT_IMPERSONATION_ACCESS_24.csv,24,0,NOT_CARRIED_TO_STEP17
16,25_SSO_SCIM_TENANT_IDENTITY_BOUNDARY_24.csv,24,0,NOT_CARRIED_TO_STEP17
16,26_SLA_SUPPORT_TIER_MODEL_20.csv,20,0,NOT_CARRIED_TO_STEP17
16,27_DATA_RESIDENCY_REGION_POLICY_24.csv,24,0,NOT_CARRIED_TO_STEP17
16,28_COMMERCIAL_FINANCIAL_TRUTH_LADDER_8.csv,8,0,NOT_CARRIED_TO_STEP17
16,29_MASTER_OWNERSHIP_MATRIX_36.csv,36,0,NOT_CARRIED_TO_STEP17
16,30_SOURCE_OF_TRUTH_MATRIX_36.csv,36,0,NOT_CARRIED_TO_STEP17
16,31_CROSS_STEP_COMMERCIAL_TRACEABILITY_8.csv,8,0,NOT_CARRIED_TO_STEP17
16,32_REVIEW_UNIVERSE_32.csv,32,0,NOT_CARRIED_TO_STEP17
16,33_HOSTILE_SAAS_COMMERCIAL_ATTACKS_160.csv,160,0,NOT_CARRIED_TO_STEP17
16,34_REFERENCE_REGISTER_4.csv,4,0,NOT_CARRIED_TO_STEP17
16,39_HOSTILE_AUDIT_FINDINGS_v1_1.csv,5,0,NOT_CARRIED_TO_STEP17
16,40_HOSTILE_REBUILD_MACHINE_GATES.csv,16,0,NOT_CARRIED_TO_STEP17
16,41_TECHNICAL_EVIDENCE_INDEX_v1_1.csv,37,0,NOT_CARRIED_TO_STEP17
16,42_FIXED_HASH_HOSTILE_REVIEW_v1_1.csv,32,0,NOT_CARRIED_TO_STEP17
16,44_OWNER_FREEZE_GATES.csv,5,0,NOT_CARRIED_TO_STEP17
