gc,gc_title,step,activity,actor_role,inputs,outputs,rule_decision_calc,control,ai_autonomy,code_status,code_evidence,links,test_id
GC-01,Tender-to-Award,1,Register opportunity / invitation to tender,BD manager,"lead, client, ITT notice","opportunity, tender record",go/no-go criteria (tenant configured),none,L1 summarise ITT,RUNTIME,"crm leads/opportunities, convert-to-tender (chain)",,T-GC-01-01
GC-01,Tender-to-Award,2,Ingest tender package and check completeness,Estimator,"ITT documents, drawings, specs, BOQ, contract conditions",document register + completeness gaps,required-document checklist per tender type,none,L2 completeness check draft,PARTIAL,tender_documents route exists; no completeness rules,NDC-001,T-GC-01-02
GC-01,Tender-to-Award,3,Extract contract data and risk clauses,Contracts manager,"conditions of contract, particular conditions","Contract Data Pack draft, risk register entries",clause library per form (owner/legal input),human validation required,L2 clause extraction,ABSENT,contract_clauses table only post-award,NDC-001,T-GC-01-03
GC-01,Tender-to-Award,4,Quantity take-off / BOQ verification,QS / estimator,"drawings, models, client BOQ","verified quantities, discrepancies",measurement method (tenant configured),reviewer != preparer,L2 QTO assist,PARTIAL,boq_master; no QTO engine (STEP18 non-claim),DFS-002,T-GC-01-04
GC-01,Tender-to-Award,5,Rate build-up and pricing,Estimator,"resource library, quotes, productivity norms",unit rates with build-up,rate = sum(resource qty x cost) + on-costs,reviewer != preparer,L2 rate suggestion from history,RUNTIME,boq rate-buildup (chain),DFS-002,T-GC-01-05
GC-01,Tender-to-Award,6,Subcontract/supplier enquiries for pricing,Procurement,"packages, vendor list","quotes, comparison",like-for-like normalisation,SOD15-021 evaluation vs award,L2 normalisation draft,PARTIAL,"rfqs exist for projects, not for tenders",,T-GC-01-06
GC-01,Tender-to-Award,7,"Tender programme, resources and cash-flow",Planner,"scope, durations, rates","tender programme, S-curve",CPM; cash-flow from priced programme,none,L2 programme draft,PARTIAL,planning/cpm route exists for projects only,NDC-010,T-GC-01-07
GC-01,Tender-to-Award,8,"Risk and opportunity assessment, contingency",Commercial manager,"risk register, contract data","priced risk, contingency",risk quantification method (tenant configured),none,L1 risk suggestions,ABSENT,no risk register table,,T-GC-01-08
GC-01,Tender-to-Award,9,Tender review and approval to submit,Bid board per DOA,"tender summary, margin, risk",approved bid,DOA decision class Contract; margin floor is owner configuration,SOD15-021; DOA Contract,L0 summary,RUNTIME,tender submit-approval + DOA + SoD (chain),,T-GC-01-09
GC-01,Tender-to-Award,10,"Submission, clarifications and negotiation",Commercial manager,"clarifications, client queries","clarification log, revised bid",every client query answered with traceable revision,none,L2 response drafts,API,tender clarifications routes,,T-GC-01-10
GC-01,Tender-to-Award,11,Award / loss decision and lessons,BD manager,award letter or loss notice,"won/lost status, lessons",win/loss reasons captured,none,L1 loss analysis,PARTIAL,tender status; lessons absent,NDC-026,T-GC-01-11
GC-02,Award-to-Project,1,Create contract from awarded tender,Contracts manager,"award, final bid",contract record,contract value = awarded value incl. agreed adjustments,SOD15-023 drafting vs execution approval,L2,RUNTIME,contracts create/submit-approval (chain),,T-GC-02-01
GC-02,Award-to-Project,2,Create project with codes and governance,Project director,contract,"project, org units, roles",project code uniqueness per tenant,projects.create permission,L0,RUNTIME,"POST /projects (chain, CC-013)",,T-GC-02-02
GC-02,Award-to-Project,3,Hand over estimating BOQ to execution BOQ,QS,tender BOQ + rate build-up,project_boq lines (contract BOQ),"execution BOQ total = contract value, or difference accepted with reason by independent approver",preparer != acceptor (CC-015),L2 mapping draft,RUNTIME,CC-015 wave1_boq_handover 41/41,G-001,T-GC-02-03
GC-02,Award-to-Project,4,Build WBS/CBS and cost-code mapping,Project controls,"BOQ, programme","WBS, CBS, cost codes",every BOQ line maps to exactly one CBS node,none,L2 mapping draft,PARTIAL,cost_codes read-only route; no WBS entity,,T-GC-02-04
GC-02,Award-to-Project,5,Set control budget from estimate,Project controls,"priced BOQ, risk allowance",budget baseline,budget = cost estimate + contingency; margin = contract - budget,SOD15-011 budget prep vs approval; DOA Budget,L2,SCHEMA,"budgets table, no route",NDC-011,T-GC-02-05
GC-02,Award-to-Project,6,Baseline programme and accepted-programme submission,Planner,"tender programme, contract dates",baseline + submission,sealed snapshot; response deadline from contract,none,L2,RUNTIME,CC-024 wave2_programme 25/25,NDC-010,T-GC-02-06
GC-02,Award-to-Project,7,Create procurement packages and engineering registers,Procurement / technical office,"BOQ, programme","packages, drawing/submittal registers",package need-date = activity start - lead time,none,L2 package plan,PARTIAL,MR/RFQ exist; package entity absent,,T-GC-02-07
GC-02,Award-to-Project,8,Contract Data Pack and notice matrix activation,Contracts manager,contract,"obligations, time-bar calendar",deadline per clause from Contract Data Pack,author != confirmer (CC-021),L2 extraction,PARTIAL,CC-021 rules+confirmation; clause library per form + AI extraction pending,NDC-001,T-GC-02-08
GC-02,Award-to-Project,9,Mobilisation readiness gate,Project director,"permits, insurances, bonds, staff",go/no-go,all mandatory items closed or risk-accepted,gate approver != preparer,L0 checklist,ABSENT,no gate entity,NDC-004,T-GC-02-09
GC-03,Drawing/Model Technical Review,1,Register drawing/model and revision context,Document controller,transmittal,controlled revision,revision sequence enforced,none,L0,API,edms/drawings,,T-GC-03-01
GC-03,Drawing/Model Technical Review,2,Discipline and interdisciplinary checks,Discipline engineer,"drawing, standards, spec",issues with evidence,applicable standard from register (not latest by default),SOD15-051,L2 check assist (no approval),ABSENT,no review-issue entity,NDC-027,T-GC-03-02
GC-03,Drawing/Model Technical Review,3,Engineer disposition and markup,Responsible engineer,issues,review status code,disposition codes tenant configured,SOD15-051,L5 professional judgement,PARTIAL,drawings status / submittals review,,T-GC-03-03
GC-03,Drawing/Model Technical Review,4,Issue controlled review report,Document controller,disposition,report/transmittal,issued output immutable,none,L2,API,transmittals issue,,T-GC-03-04
GC-04,Design Revision Impact,1,Detect new revision,Document controller,revision,change event,superseded revision flagged everywhere used,none,L4 notify,PARTIAL,document_versions,,T-GC-04-01
GC-04,Design Revision Impact,2,"Trace affected quantities, BOQ, activities, POs, inspections",Technical office,links graph,impact list,requires document-to-object links,none,L1 impact list,ABSENT,no cross-object link model,DFS-006,T-GC-04-02
GC-04,Design Revision Impact,3,Raise change/variation where entitled,Contracts manager,impact list,change event (GC-15),notice obligations apply,none,L2,ABSENT,,NDC-001,T-GC-04-03
GC-05,BOQ/QTO/Estimate,1,Register drawings/models/specs with revision,Technical office,issued documents,controlled document set,only current revision usable for QTO,none,L0,API,technicalOffice drawings; edms documents/versions,,T-GC-05-01
GC-05,BOQ/QTO/Estimate,2,Measure quantities,QS,drawings/models,quantity sheets,measurement rules (method configurable),checker != measurer,L2 automated take-off,PARTIAL,site quantity_sheets (site side only),DFS-002,T-GC-05-02
GC-05,BOQ/QTO/Estimate,3,Write BOQ descriptions linked to specs,QS,"specs, quantities",BOQ items,item description references spec clause,none,L2,RUNTIME,boq master (chain),,T-GC-05-03
GC-05,BOQ/QTO/Estimate,4,Cost build-up per item,Estimator,resource library,rate build-up,rate arithmetic in DB,none,L2,RUNTIME,rate-buildup (chain),,T-GC-05-04
GC-05,BOQ/QTO/Estimate,5,Pricing evidence attachment,Estimator,"quotes, historical rates",evidence links,each rate above materiality has evidence (threshold configured),none,L1,ABSENT,no evidence link on rate,,T-GC-05-05
GC-05,BOQ/QTO/Estimate,6,Estimate review and approval,Estimating manager,estimate,approved estimate version,versioned; approved estimate immutable,reviewer != preparer,L0 variance explanation,ABSENT,no estimate version entity,,T-GC-05-06
GC-06,Procurement Package,1,Raise material requisition from approved demand,Site/engineer,"BOQ line, activity",MR,MR qty <= remaining BOQ qty unless flagged,SOD15-001,L2,RUNTIME,MR + approval (chain),,T-GC-06-01
GC-06,Procurement Package,2,Vendor prequalification and integrity screening,Procurement,vendor data,approved vendor list,"only prequalified, active, non-blacklisted vendors can be engaged (DB-enforced)",creator != prequalifier; bank change requester != decider (CC-016),L1 screening summary,PARTIAL,"CC-016 vendor master 41/41; integrity screening (beneficial owner, sanctions) still NDC-019","G-002,NDC-019",T-GC-06-02
GC-06,Procurement Package,3,RFQ issue,Buyer,"MR, vendors",RFQ,min number of bidders = tenant configuration,none,L2,RUNTIME,RFQ (chain),,T-GC-06-03
GC-06,Procurement Package,4,Receive quotations and clarify,Buyer,quotes,quotation records,sealed until bid close (configurable),none,L2 normalisation,RUNTIME,vendor-quotations (chain),,T-GC-06-04
GC-06,Procurement Package,5,Comparative statement and recommendation,Buyer + technical evaluator,quotes,"comparison, recommendation",technical compliance before price,SOD15-021,L2,RUNTIME,comparative-statements (chain),,T-GC-06-05
GC-06,Procurement Package,6,PO / subcontract approval per DOA,Approver per DOA,recommendation,approved PO,DOA class Commitment,SOD15-003; DOA Commitment,L0,RUNTIME,"PO approval, wrong-role rejection (chain)",,T-GC-06-06
GC-06,Procurement Package,7,PO issue and commitment,Buyer,approved PO,"issued PO, committed cost",commitment = PO total (DB-computed),none,L4 commitment posting,RUNTIME,PO issue -> committed cost (chain),,T-GC-06-07
GC-06,Procurement Package,8,Expediting and logistics,Expeditor,"PO, need-dates",expediting log,late-delivery forecast vs activity need date,none,L1 delay prediction,ABSENT,no expediting entity,,T-GC-06-08
GC-06,Procurement Package,9,Goods receipt,Storekeeper,delivery,GRN,received qty <= ordered qty (tolerance configured),SOD15-005,L0,RUNTIME,GRN + idempotent confirm (chain),,T-GC-06-09
GC-06,Procurement Package,10,Invoice 3-way match and approval,AP clerk + approver,"invoice, PO, GRN","matched invoice, AP, actual cost",price/qty tolerance configured,"SOD15-005, SOD15-007",L2 match suggestion,RUNTIME,invoice match + approval (chain),,T-GC-06-10
GC-06,Procurement Package,11,Vendor performance evaluation,Procurement,"delivery, quality, HSE records",vendor score,score formula tenant configured,none,L1,ABSENT,,,T-GC-06-11
GC-07,Site Daily Control,1,"Record manpower, equipment, weather, work fronts",Site engineer,site observations,daily diary,mandatory fields enforced at signing,none,L2 from voice/photos,RUNTIME,CC-023 structured diary,NDC-014,T-GC-07-01
GC-07,Site Daily Control,2,Record quantities and progress,Site engineer,measurements,"quantity sheets, progress",qty linked to BOQ/activity,checker != measurer,L2,API,quantity-sheets; planning progress,NDC-012,T-GC-07-02
GC-07,Site Daily Control,3,"Record instructions, constraints, issues",Site engineer,events,instructions/constraints,impact flag creates a contract event for commercial review,none,L1 impact flag,RUNTIME,CC-023 impact -> contract event,NDC-014,T-GC-07-03
GC-07,Site Daily Control,4,Sign off and freeze daily report,Site manager,diary,immutable report,corrections as amendments,signer != preparer (CC-023),L0,RUNTIME,CC-023 wave2_daily_record_changes 29/29,NDC-014,T-GC-07-04
GC-08,QA/QC Inspection,1,Raise inspection request with references,Site engineer,"ITP, drawing rev",IR,only current revision referenced,SOD15-055,L0,API,qaqc inspections,,T-GC-08-01
GC-08,QA/QC Inspection,2,Inspect/test with accredited lab where needed,QC inspector,"IR, lab results",results,lab within accredited scope,SOD15-055,L0,PARTIAL,no lab register,NDC-015,T-GC-08-02
GC-08,QA/QC Inspection,3,Accept / reject / raise NCR,QC inspector,results,"status, NCR",hold point blocks progression,SOD15-057,L1,API,ncrs routes,,T-GC-08-03
GC-08,QA/QC Inspection,4,Corrective action and verification,QC manager,NCR,closed NCR,closure by someone other than raiser,SOD15-057,L1 root-cause suggestion,API,ncr close,NDC-026,T-GC-08-04
GC-08,QA/QC Inspection,5,Consequences to progress/payment/handover,QS,NCR status,blocked quantities,open NCR blocks payment of affected qty (configurable),none,L4,ABSENT,,NDC-012,T-GC-08-05
GC-09,HSE Control,1,Hazard identification and risk assessment,HSE engineer,"method statement, activity",risk assessment / JSA,workers consulted (ISO 45001),none,L2 hazard suggestions,PARTIAL,method statements; no JSA,NDC-016,T-GC-09-01
GC-09,HSE Control,2,Permit to work,Permit issuer,"JSA, competencies",active permit,issuer != receiver; competencies valid on date,issuer != receiver,L0,API,permits approve/activate/close/expire,NDC-005,T-GC-09-02
GC-09,HSE Control,3,"Inspections, observations, toolbox talks",HSE officer,site,records,none,none,L1,API,toolbox-talks,,T-GC-09-03
GC-09,HSE Control,4,Incident report and investigation,HSE manager,incident,"investigation, actions",sensitive data restricted; regulator notification flag,none,L1,API,incidents + close,,T-GC-09-04
GC-09,HSE Control,5,Stop-work and near-miss without retaliation,Any worker,hazard,stop-work record,anonymous option,none,L0,ABSENT,,NDC-016,T-GC-09-05
GC-10,Weekly/Monthly Project Report,1,Freeze data-as-of,Project controls,all modules,snapshot,snapshot immutable,none,L4,ABSENT,reports are live queries,,T-GC-10-01
GC-10,Weekly/Monthly Project Report,2,Reconcile across modules,Project controls,snapshot,exceptions,cost vs GL vs progress reconciled,none,L2,ABSENT,,NDC-011,T-GC-10-02
GC-10,Weekly/Monthly Project Report,3,Calculate KPIs and explain variances,Project manager,snapshot,KPI + narrative,KPI definitions from dictionary,none,L2 narrative with citations,PARTIAL,reports weekly-executive,,T-GC-10-03
GC-10,Weekly/Monthly Project Report,4,Approve report pack,Project director,draft pack,approved pack,approver != author,none,L0,ABSENT,,,T-GC-10-04
GC-11,Delay & Recovery,1,Detect schedule variance,Planner,updates,variance list,float erosion thresholds configured,none,L4 detect,PARTIAL,planning cpm route (unverified),,T-GC-11-01
GC-11,Delay & Recovery,2,Validate update data quality,Planner,update,schedule health result,"health checks (logic, constraints, dates)",none,L2,PARTIAL,logic loops refused (CC-024); other health checks absent,NDC-010,T-GC-11-02
GC-11,Delay & Recovery,3,Analyse critical path and causes,Planner,network,analysis,CPM correctness tested,none,L2,PARTIAL,CPM verified vs hand calculation (CC-024); cause analysis absent,NDC-006,T-GC-11-03
GC-11,Delay & Recovery,4,Recovery scenarios with cost/cash impact,Planner + cost engineer,analysis,scenarios,scenario never overwrites baseline,none,L2,ABSENT,,,T-GC-11-04
GC-11,Delay & Recovery,5,Management approval and controlled replan,Project director,scenario,approved revision,baseline change controlled,none,L0,PARTIAL,baseline set-current route,,T-GC-11-05
GC-12,Contractor/Subcontractor IPC,1,Subcontractor submits application with measured work,Subcontractor (portal),"measurement, evidence",application,cut-off date per subcontract,none,L2 pre-check,RUNTIME,CC-020 wave1_subcontract_ipc 22/22 (internal maker; portal path untested),NDC-012,T-GC-12-01
GC-12,Contractor/Subcontractor IPC,2,Verify quantities against site records,Site engineer,"quantity sheets, inspections",verified quantities,no quantity without accepted inspection where enforced,SOD15-029,L1 anomaly flags,RUNTIME,verify + gross=sum(lines) (CC-020),NDC-012,T-GC-12-02
GC-12,Contractor/Subcontractor IPC,3,"Apply rates, variations, materials on site",QS,"subcontract rates, approved variations",gross valuation,valuation = sum(qty x rate) + approved variations + MOS,none,L2,RUNTIME,certificate lines frozen after draft (CC-020),NDC-012,T-GC-12-03
GC-12,Contractor/Subcontractor IPC,4,"Deduct retention, advance recovery, back-charges, tax",QS,subcontract terms,net amount due,retention % and caps from subcontract (no default),none,L4 arithmetic,PARTIAL,retention_ledger table; rules unverified,DFS-002,T-GC-12-04
GC-12,Contractor/Subcontractor IPC,5,Less previous certificates,QS,certificate history,this-period amount,cumulative - previous; never negative without credit note,none,L4,API,,,T-GC-12-05
GC-12,Contractor/Subcontractor IPC,6,QS certification,QS lead,valuation,certified certificate,certified != paid,SOD15-029,L0,RUNTIME,qs-certify with SoD (CC-020 suite),,T-GC-12-06
GC-12,Contractor/Subcontractor IPC,7,Approval per DOA,Approver,certificate,approved certificate,DOA class Payment,DOA Payment,L0,RUNTIME,submit-approval + SoD (CC-020 suite),,T-GC-12-07
GC-12,Contractor/Subcontractor IPC,8,"Post to cost and AP, schedule payment",Finance,approved certificate,"actual cost, AP",cost posted once; idempotent,SOD15-031,L4,PARTIAL,cost posted on approval (basis = net; F-12/DEC-012 OPEN); AP not verified,DEC-012,T-GC-12-08
GC-13,Client IPC / Revenue,1,Prepare valuation from approved progress,QS,"measured quantities, BOQ",IPC draft,qty <= contract qty unless variation,SOD15-029,L2,RUNTIME,IPC create (chain),NDC-012,T-GC-13-01
GC-13,Client IPC / Revenue,2,"Add variations, claims (only agreed), MOS",QS,variation status,gross valuation,claims not included until agreed (STEP09),none,L2,PARTIAL,ipc_boq_lines need project_boq (F-01),G-001,T-GC-13-02
GC-13,Client IPC / Revenue,3,Retention and advance recovery,QS,contract terms,net certified amount,per Contract Data Pack,none,L4,RUNTIME,"retention in chain (100,000 gross / 95,000 net)",,T-GC-13-03
GC-13,Client IPC / Revenue,4,Internal approval and submission to client,Commercial manager,IPC,submitted IPC,DOA,DOA Payment,L0,RUNTIME,submit-to-client (chain),,T-GC-13-04
GC-13,Client IPC / Revenue,5,Client certification,Client (external),submitted IPC,certified amount,certified amount may differ; difference tracked,external authority,L5,RUNTIME,client-approve (chain),,T-GC-13-05
GC-13,Client IPC / Revenue,6,Receivable / contract balance recognition,Finance,certified IPC,"AR, retention receivable",certification != revenue (STEP09); AR = certified net,SOD15-015,L4,PARTIAL,"posts net to revenue directly (F-05, DEC-009 OPEN)",DEC-009,T-GC-13-06
GC-13,Client IPC / Revenue,7,Revenue recognition per adopted policy,Financial controller,"contract, costs, progress",revenue entry,policy engine (IFRS 15 profile optional); method is owner decision,SOD15-015,L1,ABSENT,no recognition engine,DEC-009,T-GC-13-07
GC-13,Client IPC / Revenue,8,Collection and cash forecast,Treasury,"AR, payment terms","receipts, forecast",due date from contract payment terms,none,L1 collection risk,PARTIAL,"payments, cash_flow_forecast tables",,T-GC-13-08
GC-14,Cost & Forecast,1,"Collect budget, commitments, accruals, actuals",Project controls,ledgers,cost report base,each amount classified once (no double count accrual/invoice),none,L4 aggregation,PARTIAL,committed+actual only; accruals absent,NDC-011,T-GC-14-01
GC-14,Cost & Forecast,2,Measure progress and earned value,Planner/QS,"progress, budget",EV per CBS,EV = budget x % complete (method per item),none,L4,PARTIAL,evm_snapshots table; method rules absent,NDC-012,T-GC-14-02
GC-14,Cost & Forecast,3,Estimate cost to complete,Cost engineer,"remaining qty, rates, risks",ETC per CBS,ETC by remaining qty x forecast rate or by trend; method recorded,reviewer != preparer,L2 ETC suggestion,API,cost forecasts route,NDC-011,T-GC-14-03
GC-14,Cost & Forecast,4,Compute EAC and variances,Cost engineer,actual + ETC,"EAC, VAC, CPI",EAC = AC + ETC; reproducible from stored inputs,none,L4,PARTIAL,dashboards cost-control,NDC-011,T-GC-14-04
GC-14,Cost & Forecast,5,Forecast review and approval,Project director,forecast pack,approved forecast,unexplained variance blocks approval (threshold configured),SOD15-011,L1 variance narrative,ABSENT,no forecast approval,,T-GC-14-05
GC-15,Variation / Change,1,Capture instruction/RFI/design change/event,Site/technical office,"instruction, RFI, revision",change event,"every instruction logged with date received; linked, never auto-converted",none,L1 classify as potential change,RUNTIME,CC-021 events + CC-023 links,NDC-002,T-GC-15-01
GC-15,Variation / Change,2,Notify within contractual period,Contracts manager,"change event, Contract Data Pack",notice with proof of delivery,deadline from clause; internal approval never delays notice,rule author != confirmer (CC-021),L2 notice draft,RUNTIME,CC-021 wave2_notice_engine 36/36,NDC-001,T-GC-15-02
GC-15,Variation / Change,3,Assess scope/qty/cost/time impact,QS + planner,"event, BOQ, programme",impact assessment,"rates from contract, else agreed method",none,L2,PARTIAL,variation_boq_lines,NDC-006,T-GC-15-03
GC-15,Variation / Change,4,Prepare and submit variation quotation,QS,assessment,variation submission,status instructed != submitted != agreed,SOD15-025,L2,API,variations + lines + submit-approval,,T-GC-15-04
GC-15,Variation / Change,5,Negotiate and agree,Commercial manager / client,submission,agreed valuation,agreed value is external decision,DOA Variation; external,L1,API,variation approval (internal only),,T-GC-15-05
GC-15,Variation / Change,6,"Update budget, programme, procurement, forecast",Project controls,agreed variation,revised baselines,budget change via controlled transfer,SOD15-013,L4 propagate,ABSENT,no propagation,,T-GC-15-06
GC-16,Claim / EOT Case,1,Notice of claim within time bar,Contracts manager,event,notice + proof,time bar from Contract Data Pack,rule author != confirmer,L2,RUNTIME,CC-021 wave2_notice_engine 36/36,NDC-001,T-GC-16-01
GC-16,Claim / EOT Case,2,Build chronology from contemporaneous records,Claims analyst,"diaries, correspondence, RFIs",chronology,every entry links to source record,none,L2 chronology draft with citations,PARTIAL,contract_claims table + claims API,NDC-014,T-GC-16-02
GC-16,Claim / EOT Case,3,Contractual entitlement analysis,Contracts manager / legal,"contract, chronology",entitlement position,clause references; human legal authority,L5 legal opinion external,L1,ABSENT,,NDC-006,T-GC-16-03
GC-16,Claim / EOT Case,4,Delay analysis against accepted programme,Planning expert,"accepted programme, updates",delay analysis,method chosen and justified; uses accepted programme,none,L2,ABSENT,STEP18 non-claim,"NDC-006,NDC-010",T-GC-16-04
GC-16,Claim / EOT Case,5,Quantum,QS,"records, rates",quantum,"heads of claim, no double recovery",SOD15-027,L2,ABSENT,,NDC-006,T-GC-16-05
GC-16,Claim / EOT Case,6,"Submit, negotiate, determine",Commercial director,claim,determination / settlement,settlement never erases original entitlement (STEP09),SOD15-027; DOA Contract,L0,API,claims status route,,T-GC-16-06
GC-17,Material Lifecycle,1,Technical requirement and submittal,Engineer,spec,submittal,submittal approved before PO for listed items,SOD15-053,L2 compliance check,API,submittals,,T-GC-17-01
GC-17,Material Lifecycle,2,Procure (GC-06),Procurement,approved submittal,PO,see GC-06,see GC-06,L2,RUNTIME,chain,,T-GC-17-02
GC-17,Material Lifecycle,3,"Receive, inspect, store",Storekeeper + QC,delivery,"GRN, MIR, stock",stock by warehouse,none,L0,PARTIAL,GRN in chain; inventory routes unverified,,T-GC-17-03
GC-17,Material Lifecycle,4,Issue to work front and install,Storekeeper,MR,issue transaction,issued qty <= stock,SOD15-059,L0,API,inventory transactions,,T-GC-17-04
GC-17,Material Lifecycle,5,Link to installed asset and handover,Engineer,installation record,asset record,traceability to batch/certificate,none,L0,ABSENT,,,T-GC-17-05
GC-18,Executive Portfolio Review,1,Standard KPI semantic layer across projects,PMO,project snapshots,portfolio KPIs,one KPI dictionary,none,L0,PARTIAL,dashboards executive/portfolio,,T-GC-18-01
GC-18,Executive Portfolio Review,2,Data quality and freshness indicators,PMO,snapshots,quality flags,stale data visibly flagged,none,L4,ABSENT,,,T-GC-18-02
GC-18,Executive Portfolio Review,3,Drill-through and decisions/actions,Executive,KPIs,"decisions, actions",decision log,none,L1,ABSENT,,,T-GC-18-03
GC-19,Resource / Manpower Planning,1,Demand from programmes,Resource manager,resource-loaded schedules,demand curve,by skill and period,none,L2,ABSENT,,,T-GC-19-01
GC-19,Resource / Manpower Planning,2,"Supply: people, skills, equipment availability",HR / plant,"employees, competencies, equipment",supply,only valid competencies counted,none,L0,PARTIAL,"employees, assets",NDC-005,T-GC-19-02
GC-19,Resource / Manpower Planning,3,"Allocate, mobilise, track utilisation and cost",Resource manager,allocation,"assignments, utilisation",time posts to cost,none,L2,PARTIAL,timesheets/equipment usage post-cost routes,,T-GC-19-03
GC-20,Commissioning-to-Handover,1,Define systems and readiness criteria,Commissioning manager,design,system register,gate sequence MC->pre-comm->energise->functional->integrated->performance,none,L1,ABSENT,,NDC-004,T-GC-20-01
GC-20,Commissioning-to-Handover,2,Execute test packs,Commissioning engineer,test packs,results,witness by client where required,SOD15-049,L0,ABSENT,,NDC-004,T-GC-20-02
GC-20,Commissioning-to-Handover,3,Punch list management,Site engineer,walkdowns,punch items,category A blocks handover,none,L1,API,punch-list routes,,T-GC-20-03
GC-20,Commissioning-to-Handover,4,Handover dossier completeness,Document controller,"as-builts, O&M, warranties",dossier,completeness checklist per system,none,L2 completeness check,ABSENT,,NDC-023,T-GC-20-04
GC-20,Commissioning-to-Handover,5,"Handover, DLP, final account",Project director,dossier,"taking-over, DLP register",retention release per contract,DOA Payment,L0,ABSENT,,,T-GC-20-05
GC-21,Ask-the-Business,1,"Resolve identity, tenant, permissions",System,question,scoped context,RLS + permissions apply to retrieval,none,L0,PARTIAL,knowledge queries table; no permission-scoped retrieval verified,,T-GC-21-01
GC-21,Ask-the-Business,2,Retrieve authoritative records and cite,System,"records, knowledge chunks",answer with citations,facts vs calculations vs inference labelled,none,L0,PARTIAL,knowledge sources/chunks/queries routes,DFS-006,T-GC-21-02
GC-21,Ask-the-Business,3,Offer permitted next action,System,answer,action proposal,action executes through normal approval path,per action,L1-L3,ABSENT,,DFS-005,T-GC-21-03
GC-22,Create/Modify a Business Process,1,Describe form/workflow/rules,Process admin,requirement,process definition draft,"cannot weaken protected controls (SoD, DOA, audit)",SOD15-039 analogue,L2,ABSENT,automation workflows are a registry only,,T-GC-22-01
GC-22,Create/Modify a Business Process,2,"Sandbox test, approve, publish version, rollback",Process owner,draft,published version,versioned; rollback available,author != approver,L0,ABSENT,,,T-GC-22-02
GC-23,Create a Specialized AI Skill/Agent,1,"Define agent scope, tools, permissions, evaluation",AI owner,need,agent manifest,tools limited to caller permissions,author != approver,L2,PARTIAL,"ai_agents, ai_tools, agent-tools route",NDC-009,T-GC-23-01
GC-23,Create a Specialized AI Skill/Agent,2,Benchmark evaluation and governance review,Independent verifier,"manifest, benchmark",evaluation result,pass criteria defined before test,SOD15-049,L0,PARTIAL,ai_evaluations route,NDC-009,T-GC-23-02
GC-23,Create a Specialized AI Skill/Agent,3,"Publish, monitor, rollback",AI owner,approved agent,live version,cost/quality/latency monitored,none,L4 monitoring,ABSENT,,NDC-009,T-GC-23-03
GC-24,Import Legacy Data,1,Profile and map source,Implementation consultant,source files,mapping,mapping versioned,none,L2 mapping suggestion,ABSENT,,,T-GC-24-01
GC-24,Import Legacy Data,2,"Validate, match master data, preview errors",Implementation consultant,mapped data,error report,no import with blocking errors,none,L2,ABSENT,,,T-GC-24-02
GC-24,Import Legacy Data,3,Controlled import and reconciliation with lineage,Data owner,validated data,imported records + control totals,control totals source = target,loader != approver,L3,ABSENT,,NDC-011,T-GC-24-03
GC-25,Corporate Month-End,1,Cut-off and accrual of received-not-invoiced,Accountant,"GRNs, timesheets",accrual journals,GRNI accrual reverses on invoice,SOD15-015,L4 proposal,ABSENT,no accrual logic,NDC-011,T-GC-25-01
GC-25,Corporate Month-End,2,Subledger to GL reconciliation,Accountant,"AP, AR, cost ledger, GL",reconciliation with differences,control totals equal or explained,SOD15-017,L2 matching,PARTIAL,runtime-validation posting-readiness; F71 not built,NDC-011,T-GC-25-02
GC-25,Corporate Month-End,3,Bank reconciliation,Treasury,bank statements,reconciliation,unreconciled items aged,SOD15-019,L2 matching,SCHEMA,bank_reconciliation table,,T-GC-25-03
GC-25,Corporate Month-End,4,Project cost and revenue alignment,Financial controller,project reports,WIP/contract balances,revenue policy per DEC-009,none,L1,ABSENT,,DEC-009,T-GC-25-04
GC-25,Corporate Month-End,5,Management reporting snapshot,Financial controller,ledgers,KPI snapshot,data-as-of frozen,none,L1 narrative,PARTIAL,reports routes,,T-GC-25-05
GC-25,Corporate Month-End,6,Period lock,Finance manager,checklist,locked period,no posting into locked or undefined period,closer != reopener (CC-022),L0,RUNTIME,CC-022 hostile_concurrency 17/17,G-010,T-GC-25-06
GC-26,Risk-to-Action,1,Identify and assess risk/opportunity,Risk owner,project data,risk register entry,probability/impact scales configured,none,L1 risk suggestions,ABSENT,no risk table,,T-GC-26-01
GC-26,Risk-to-Action,2,"Response, owner, due date, links",Risk owner,risk,actions,linked to cost/schedule/contract,none,L1,ABSENT,,,T-GC-26-02
GC-26,Risk-to-Action,3,"Monitor triggers, escalate, close, lesson",PM,triggers,closure + lesson,lesson feeds knowledge loop,none,L1,ABSENT,,NDC-026,T-GC-26-03
GC-27,Field-to-Office Offline Workflow,1,Download authorised field package,Field user,assignment,offline package,only permitted data,none,L0,ABSENT,no offline client,,T-GC-27-01
GC-27,Field-to-Office Offline Workflow,2,"Capture offline, queue signed operations",Field user,observations,queued ops,ops signed and ordered,none,L0,ABSENT,,,T-GC-27-02
GC-27,Field-to-Office Offline Workflow,3,"Reconnect, resolve conflicts, update with audit",System + user,queue,authoritative records,conflict never silently overwrites,none,L4,ABSENT,STEP18 offline_reconnect contract available as reference,,T-GC-27-03
GC-28,Asset Traceability,1,Select asset/location/model element,Any authorised user,asset id,asset view,permissions per object,none,L0,PARTIAL,"assets_equipment is plant, not installed assets",,T-GC-28-01
GC-28,Asset Traceability,2,"Show linked design, material, inspection, cost, warranty history",Any authorised user,link graph,trace view,"derived read model, not SoT",none,L0,ABSENT,,DFS-006,T-GC-28-02
GC-29,Company Configuration (Mishel DNA),1,"Configure terminology, templates, checklists, formulas, workflows",Tenant admin,company standards,config version,five configuration layers; precedence from STEP03,author != approver,L2,PARTIAL,"system_settings, roles, DOA rows",DFS-003,T-GC-29-01
GC-29,Company Configuration (Mishel DNA),2,"Test, publish, apply by company/project/jurisdiction, track exceptions",Tenant admin,config,active config,exceptions recorded,none,L0,ABSENT,,,T-GC-29-02
GC-30,New Jurisdiction / Client Configuration,1,"Create jurisdiction/client pack (tax, units, language, templates, authority rules)",Tenant admin + legal,references,pack draft,no invented legal values; sources cited,author != approver,L2 with citations,ABSENT,currencies/exchange_rates only,"NDC-003,NDC-027",T-GC-30-01
GC-30,New Jurisdiction / Client Configuration,2,"Validate, approve, apply to projects",Compliance owner,pack,active pack,effective-dated,none,L0,ABSENT,,,T-GC-30-02
GC-31,Tenant Onboarding-to-Go-Live,1,"Commercial entitlement (plan, subscription)",Vendor sales ops,contract,entitlement,pricing is owner decision,Owner,L0,PARTIAL,"subscription_plans, tenant_subscriptions",DFS-004,T-GC-31-01
GC-31,Tenant Onboarding-to-Go-Live,2,"Provision tenant with templates (roles, CoA, GL rules, cost codes, periods, DOA structure)",Vendor ops,entitlement,ready tenant,not via global bootstrap token (F-08),provisioner != approver,L4 scripted,ABSENT,F-03/F-08,"G-003,G-006",T-GC-31-02
GC-31,Tenant Onboarding-to-Go-Live,3,"Identity, configuration, migration, integrations",Customer admin,tenant,configured tenant,see GC-29/24/36,none,L2,PARTIAL,users/roles routes,,T-GC-31-03
GC-31,Tenant Onboarding-to-Go-Live,4,"Go/no-go, cutover, hypercare",Customer + vendor,readiness,live tenant,readiness checklist,none,L0,ABSENT,customer_onboarding table,,T-GC-31-04
GC-32,Security Incident-to-Recovery,1,Detect and triage,Security operations,signals,incident,severity matrix,none,L1,ABSENT,audit_log only,,T-GC-32-01
GC-32,Security Incident-to-Recovery,2,Contain: revoke tokens/keys/sessions,Incident authority,incident,containment record,token revocation per tenant/user,SOD15-041,L3,PARTIAL,user/role deactivation takes effect on next request (authenticate.ts reloads user each call); no per-session token revocation or signing-key rotation,G-013,T-GC-32-02
GC-32,Security Incident-to-Recovery,3,"Forensics, legal assessment, recovery, review",Incident authority,evidence,post-incident report,evidence preserved,none,L1,ABSENT,,,T-GC-32-03
GC-33,Product Change-to-Release-to-Rollback,1,Change with impact and tests,Engineering,requirement,PR + evidence,CI runtime gate must pass,SOD15-047,L2,RUNTIME,runtime-gate CI PG16/17 (CC-014),,T-GC-33-01
GC-33,Product Change-to-Release-to-Rollback,2,"Release, verify, rollback",Release manager,candidate,deployed version,forward migrations only; rollback plan per CC,SOD15-045,L0,ABSENT,no deployment pipeline,,T-GC-33-02
GC-34,Disaster-Recovery-to-Reopening,1,Restore authoritative store,Ops,backups,restored DB,RPO/RTO are owner-approved targets,SOD15-043,L3,ABSENT,no backup/restore,,T-GC-34-01
GC-34,Disaster-Recovery-to-Reopening,2,"Reconcile, replay checks, duplicate-effect scan, reopen",Ops + business,restored data,reopening decision,idempotency keys prevent duplicate effects,none,L1,ABSENT,,,T-GC-34-02
GC-35,Privacy / Retention Lifecycle,1,Classify processing purpose and data,Data protection owner,data inventory,ROPA,lawful basis recorded,none,L1,ABSENT,,,T-GC-35-01
GC-35,Privacy / Retention Lifecycle,2,"Retention, legal hold, data-subject requests, export/deletion",Data protection owner,request,fulfilment evidence,no false erasure claims; legal hold wins,none,L2,ABSENT,,NDC-023,T-GC-35-02
GC-36,Connector Lifecycle,1,"Contract, sandbox, certify connector",Integration owner,need,certified connector,schema + security scope,none,L2,PARTIAL,"integration_connections, webhook_subscriptions",,T-GC-36-01
GC-36,Connector Lifecycle,2,"Monitor, version, revoke",Integration owner,connector,health/revocation,reconciliation after incident,none,L4,ABSENT,,,T-GC-36-02
GC-37,Recruit-to-Develop-to-Exit,1,Approved demand and recruitment,HR,requisition,candidate pipeline,fair recruitment checks,none,L2 screening (human decides),PARTIAL,recruitment table,NDC-021,T-GC-37-01
GC-37,Recruit-to-Develop-to-Exit,2,"Hire without duplicate identity, onboard",HR,offer,employee,one person = one identity,SOD15-035,L0,API,employees routes,,T-GC-37-02
GC-37,Recruit-to-Develop-to-Exit,3,"Competency, learning, performance",HR + manager,records,competency/performance records,calibration and appeal,none,L1,ABSENT,,"NDC-005,NDC-022",T-GC-37-03
GC-37,Recruit-to-Develop-to-Exit,4,"Time, payroll, cost",Payroll,timesheets,"payroll run, cost",payroll posts to project cost,SOD15-033,L4,API,payroll runs + post-cost,,T-GC-37-04
GC-37,Recruit-to-Develop-to-Exit,5,Exit with access revocation and final settlement,HR + IT,resignation,exit record,access removed same day,SOD15-037,L4,PARTIAL,user status route,,T-GC-37-05
GC-38,Enterprise Architecture Transformation,1,Capability need and application inventory,Enterprise architect,strategy,"inventory, assessment",no duplicate of CMDB,none,L1,ABSENT,,,T-GC-38-01
GC-38,Enterprise Architecture Transformation,2,"Target architecture, roadmap, waivers, conformance review",Architecture board,assessment,roadmap,waivers recorded,none,L1,ABSENT,,,T-GC-38-02
