id,classification,capability,domain,evidence_source,reason_value,dependencies,implementation_disposition,test_requirements,golden_case_link,status,created,notes
NDC-001,NEWLY_DISCOVERED_CAPABILITY,"Contract Data Pack + Clause/Obligation/Notice matrix with time-bar engine (trigger event, first-knowledge date, deadline, addressee, delivery method, proof of receipt, owner/deputy, escalation)",D04 Contracts,"Activation pack research board 00 §6.1-1; absent from frozen STEP03-17 (grep ""time bar""=0) and D04 has no Contract Data Pack",Rights preservation is the largest commercial value lever; missed notices forfeit claims,D01 calendars/parties; D15 correspondence + proof; D05 schedule events,BUILD NATIVE (deterministic rules engine) + AI-AUGMENT clause extraction (L2 draft only),"Given contract form + particular conditions, When event logged, Then deadline computed per clause and escalations fire; negative: missing contract data blocks computation (no default)",GC-15/GC-16,PROPOSED,2026-10-05,"contract-form specific clause libraries are owner/legal inputs, never invented"
NDC-002,NEWLY_DISCOVERED_CAPABILITY,Separate Notice / RFI / Change / Claim paths with contract-form packs: NEC Early Warning + Compensation Event registers; FIDIC Engineer determination + DAAB path,D04 Contracts,Research board 00 §6.1-2; Early Warning/DAAB absent from frozen sources and D-pack,Contract-form-correct administration; avoids conflating RFIs with entitlement,NDC-001; D04 variation/claim,BUILD NATIVE as configurable contract-form packs,Per-form scenario tests (NEC EW->CE; FIDIC notice->claim->determination->DAAB),GC-15/GC-16,PROPOSED,2026-10-05,"form texts are licensed; store structure + references, not reproduced text"
NDC-003,NEWLY_DISCOVERED_CAPABILITY,"Unified Compliance Register (requirement, source, edition, effective date, applicability, clause/permit, design/procurement/construction/testing evidence, owner, reviewer, effectiveness test, closure fingerprint)",D01/D09/D10/D16 cross-cutting,"Research board 00 §4.2/§6.1-9 + 47_CODE_PERMIT_COMPLIANCE_MATRIX header; frozen ""Compliance Register"" grep=0",No compliance claim without evidence chain; core to Egypt-first jurisdiction pack,Knowledge authority (STEP11 source classes); D15 evidence packs,BUILD NATIVE,Compliance cannot be marked met without linked evidence + test; edition supersession raises re-assessment,GC-30,PROPOSED,2026-10-05,
NDC-004,NEWLY_DISCOVERED_CAPABILITY,"Blocking gates: No-Start / No-Occupy / No-Energize / No-Handover tied to permits, hold points, authority acceptance and critical-defect closure (jurisdiction-configured)",D08/D09/D10/D16,Research board 00 §4.4/§6.1-5; frozen has occupancy only for real-estate,Converts requirements into enforceable stop conditions,NDC-003; permits (F56); QA hold points (D09),BUILD NATIVE (rules + DOA-class DC-11 style release),Attempt to release work without valid permit/hold-point release is rejected server-side; AI cannot release (L5),GC-08/GC-09/GC-20,PROPOSED,2026-10-05,Saudi occupancy-electricity rule must not be imported into Egypt pack
NDC-005,NEWLY_DISCOVERED_CAPABILITY,Competency-to-activity authorization matrix with automatic freeze on expiry (person/equipment ↔ critical activity ↔ permit ↔ certificate validity),D10/D11/D12,Research board 00 §6.2-6; frozen has CompetencyRecord field only,Prevents unqualified critical work; HSE/QA assurance,D12 people; D11 equipment; NDC-004,BUILD NATIVE,Expired certificate removes eligibility for assignment/permit within one evaluation cycle; override needs DC-15 exception with expiry,GC-09/GC-19,PROPOSED,2026-10-05,
NDC-006,NEWLY_DISCOVERED_CAPABILITY,"Delay-analysis protocol: event-to-activity mapping, concurrency, disruption/prolongation/acceleration, method selection rationale (e.g. TIA/windows) with schedule evidence",D04/D05,Research board 00 §6.2-3; concurrency absent in frozen commercial context,Defensible EOT/claims,"D05 CPM engine (absent in v0.2), NDC-001",BUILD NATIVE (deterministic schedule engine) + AI-AUGMENT chronology drafting,Reproducible delay result from fixed schedule snapshots; method choice recorded with rationale,GC-11/GC-16,PROPOSED,2026-10-05,method choice is professional judgment (L2 draft + human authority)
NDC-007,NEWLY_DISCOVERED_CAPABILITY,"Workforce rights & grievance mechanism (multilingual, non-retaliation, recruitment/agent screening, accommodation/transport/heat welfare)",D12,Research board 00 §4.8/§6.2-8; grievance grep=0 in frozen + D-pack,Labour-rights compliance and risk reduction on large sites,"D12, NDC-003",BUILD NATIVE (case management) ,"Anonymous intake, SLA, escalation, retaliation-check report",GC-37,PROPOSED,2026-10-05,jurisdictional labour law values are owner/legal inputs
NDC-008,NEWLY_DISCOVERED_CAPABILITY,"GHG inventory (organizational/operational boundaries, emission factors with source/version, base year, verification method)",D10/D11 sustainability (F66),Research board 00 §6.2-7; GHG grep=0 frozen,Client/lender ESG requirements; differentiation,F66 pack; D11 fuel; D14 materials,BUILD NATIVE in PK-12 (optional pack),Recalculation reproducible from factor version; factor change creates new version,—,PROPOSED,2026-10-05,"emission factors are licensed/official data, never invented"
NDC-009,NEWLY_DISCOVERED_CAPABILITY,AI System Register + AI Impact Assessment + TEVV/drift/decommission lifecycle per AI system,D20,Research board 00 §6.2-10; frozen STEP10 has eval framework but no impact-assessment register,"Governed AI (Constitution §9), privacy/regulatory readiness",STEP10 contracts; ai_* tables,BUILD NATIVE,No agent/model reaches production without completed impact assessment + passing eval suite,GC-23,PROPOSED,2026-10-05,
DFS-001,DROPPED_FROZEN_SCOPE,38 Golden Cases decomposed into steps/data/rules/roles/tests,All,"STEP_01 §52/§57; 0 references in 4,602 (R04)",Primary acceptance backbone,—,RESTORE (task 4),Each GC gets E2E scenario test,GC-01..38,PROPOSED,2026-10-05,
DFS-002,DROPPED_FROZEN_SCOPE,"STEP09 202 commercial/finance engines (retention, advance recovery, LDs, escalation, re-measurement, final account, IFRS-15 structure, treasury, tax, guarantees, fraud)",D04/D07/D13/D17,STEP09 03_ENGINE_CATALOG_202 not cited by STEP17 (R04),Commercial/financial correctness,D13 GL (runtime-proven),RESTORE,Per-engine deterministic tests + reconciliation,GC-12/13/14/25,PROPOSED,2026-10-05,
DFS-003,DROPPED_FROZEN_SCOPE,"STEP04 12-dimension DOA, 20 SoD patterns, 32 handoffs, effective-dated org model",D01,STEP04 §11-17 (R07); v0.2 implements 1 DOA dimension,"Owner decision DEC-008 (configurable, versioned DOA)",D01,RESTORE,Action-time DOA evaluation tests per dimension; historical DOA preserved per transaction,GC-22/29,PROPOSED,2026-10-05,
DFS-004,DROPPED_FROZEN_SCOPE,STEP16 tenant lifecycle/provisioning/subscription/metering/export-delete contracts,D20,STEP16 03/04/22/23 not cited by STEP17 (R04),Owner decision DEC-010 (commercial provisioning),D20,RESTORE,GC-31 tenant onboarding E2E,GC-31,PROPOSED,2026-10-05,
DFS-005,DROPPED_FROZEN_SCOPE,"STEP10 AI constitution, orchestrator components, model routing, memory, autonomy matrix, evaluation framework, agentic threat controls",D20,STEP10 02/03/10/11/12/15/14 not cited by STEP17 (R04),Digital workforce mandate,D20 ai_* tables,RESTORE,"Agent evals, injection tests, kill-switch tests",GC-21/23,PROPOSED,2026-10-05,
DFS-006,DROPPED_FROZEN_SCOPE,Unify ERP + engineering knowledge/expert-command layer as ONE application (ARCH command architecture),All,PROJECT_SCOPE_CONTEXT (R08); three parallel tracks found (R06),Explicit original owner requirement,All,RESTORE as architecture constraint,Single runtime; commands invoke same governed services as UI/API (STEP_01 §45),GC-21,PROPOSED,2026-10-05,
