function,table,referenced_columns_missing_on_table
after_technical_office_decision,drawings,cycle reviewer_id
after_technical_office_decision,submittals,drawing_no
enforce_core_parent_tenant_integrity,approval_actions_log,boq_item_id boq_master_id cost_code_id grn_id inventory_item_id matched_grn_id mr_id po_id po_line_id project_id recommended_vendor_id resource_id rfq_id role_id vendor_id warehouse_id
enforce_core_parent_tenant_integrity,boq_rate_buildup,approval_instance_id boq_item_id cost_code_id grn_id inventory_item_id matched_grn_id mr_id po_id po_line_id project_id recommended_vendor_id rfq_id role_id vendor_id warehouse_id
enforce_core_parent_tenant_integrity,budgets,approval_instance_id boq_item_id boq_master_id grn_id inventory_item_id matched_grn_id mr_id po_id po_line_id recommended_vendor_id resource_id rfq_id role_id vendor_id warehouse_id
enforce_core_parent_tenant_integrity,comparative_statements,boq_item_id boq_master_id cost_code_id grn_id inventory_item_id matched_grn_id mr_id po_id po_line_id project_id resource_id role_id vendor_id warehouse_id
enforce_core_parent_tenant_integrity,cost_transactions,approval_instance_id boq_master_id grn_id inventory_item_id matched_grn_id mr_id po_id po_line_id recommended_vendor_id resource_id rfq_id role_id vendor_id warehouse_id
enforce_core_parent_tenant_integrity,goods_receipt_notes,approval_instance_id boq_item_id boq_master_id cost_code_id grn_id inventory_item_id matched_grn_id mr_id po_line_id recommended_vendor_id resource_id rfq_id role_id vendor_id
enforce_core_parent_tenant_integrity,grn_lines,approval_instance_id boq_item_id boq_master_id cost_code_id matched_grn_id mr_id po_id project_id recommended_vendor_id resource_id rfq_id role_id vendor_id warehouse_id
enforce_core_parent_tenant_integrity,material_requisitions,boq_master_id grn_id inventory_item_id matched_grn_id mr_id po_id po_line_id recommended_vendor_id resource_id rfq_id role_id vendor_id warehouse_id
enforce_core_parent_tenant_integrity,mr_lines,approval_instance_id boq_item_id boq_master_id cost_code_id grn_id inventory_item_id matched_grn_id po_id po_line_id project_id recommended_vendor_id resource_id rfq_id role_id vendor_id warehouse_id
enforce_core_parent_tenant_integrity,permissions,approval_instance_id boq_item_id boq_master_id cost_code_id grn_id inventory_item_id matched_grn_id mr_id po_id po_line_id project_id recommended_vendor_id resource_id rfq_id vendor_id warehouse_id
enforce_core_parent_tenant_integrity,po_lines,approval_instance_id boq_master_id cost_code_id grn_id inventory_item_id matched_grn_id mr_id po_line_id project_id recommended_vendor_id resource_id rfq_id role_id vendor_id warehouse_id
enforce_core_parent_tenant_integrity,purchase_orders,boq_item_id boq_master_id grn_id inventory_item_id matched_grn_id po_id po_line_id recommended_vendor_id resource_id rfq_id role_id warehouse_id
enforce_core_parent_tenant_integrity,rfq_vendors,approval_instance_id boq_item_id boq_master_id cost_code_id grn_id inventory_item_id matched_grn_id mr_id po_id po_line_id project_id recommended_vendor_id resource_id role_id warehouse_id
enforce_core_parent_tenant_integrity,rfqs,approval_instance_id boq_item_id boq_master_id cost_code_id grn_id inventory_item_id matched_grn_id po_id po_line_id recommended_vendor_id resource_id rfq_id role_id vendor_id warehouse_id
enforce_core_parent_tenant_integrity,vendor_invoices,boq_item_id boq_master_id cost_code_id grn_id inventory_item_id mr_id po_line_id recommended_vendor_id resource_id rfq_id role_id warehouse_id
enforce_core_parent_tenant_integrity,vendor_quotations,approval_instance_id boq_item_id boq_master_id cost_code_id grn_id inventory_item_id matched_grn_id mr_id po_id po_line_id project_id recommended_vendor_id resource_id role_id warehouse_id
guard_crm_tenant_consistency,boq_master,client_id contract_id lead_id variation_id
guard_crm_tenant_consistency,contract_clauses,client_id lead_id project_id tender_id variation_id
guard_crm_tenant_consistency,contracts,contract_id lead_id tender_id variation_id
guard_crm_tenant_consistency,lead_activities,client_id contract_id project_id tender_id variation_id
guard_crm_tenant_consistency,opportunities,client_id contract_id project_id tender_id variation_id
guard_crm_tenant_consistency,tender_clarifications,client_id contract_id lead_id project_id variation_id
guard_crm_tenant_consistency,tender_documents,client_id contract_id lead_id project_id variation_id
guard_crm_tenant_consistency,variation_boq_lines,client_id contract_id lead_id project_id tender_id
guard_crm_tenant_consistency,variations,client_id lead_id tender_id variation_id
guard_finance_master_tenant,chart_of_accounts,credit_account_id debit_account_id effective_from effective_to
guard_finance_master_tenant,gl_posting_rules,parent_account_id
guard_financial_transaction_tenant,accounts_payable,account_id bank_account_id client_id ipc_id party_id party_type related_ap_id related_ar_id requested_by
guard_financial_transaction_tenant,accounts_receivable,account_id bank_account_id party_id party_type related_ap_id related_ar_id requested_by vendor_id
guard_financial_transaction_tenant,general_ledger,bank_account_id client_id ipc_id party_id party_type related_ap_id related_ar_id requested_by vendor_id
guard_financial_transaction_tenant,manual_journal_entries,account_id bank_account_id client_id ipc_id party_id party_type related_ap_id related_ar_id vendor_id
guard_financial_transaction_tenant,payments,account_id client_id ipc_id project_id requested_by vendor_id
guard_phase2_status,contracts,awarded_value loss_reason stage status
guard_phase2_status,leads,awarded_value contract_status loss_reason status
guard_phase2_status,tenders,contract_status stage
guard_phase2_status,variations,awarded_value contract_status loss_reason stage
guard_phase3_tenant_consistency,bank_reconciliation,contract_id document_id ipc_id journal_entry_id project_boq_item_id project_id
guard_phase3_tenant_consistency,cash_flow_actual,bank_account_id contract_id document_id ipc_id journal_entry_id project_boq_item_id
guard_phase3_tenant_consistency,cash_flow_forecast,bank_account_id contract_id document_id ipc_id journal_entry_id project_boq_item_id
guard_phase3_tenant_consistency,ipc_boq_lines,bank_account_id contract_id document_id journal_entry_id project_id
guard_phase3_tenant_consistency,ipc_supporting_docs,bank_account_id contract_id journal_entry_id project_boq_item_id project_id
guard_phase3_tenant_consistency,ipcs,bank_account_id document_id ipc_id journal_entry_id project_boq_item_id
guard_phase3_tenant_consistency,manual_journal_entry_lines,bank_account_id contract_id document_id ipc_id project_boq_item_id project_id
guard_phase3_tenant_consistency,retention_ledger,bank_account_id contract_id document_id journal_entry_id project_boq_item_id
guard_phase4_org_consistency,cost_forecasts,certificate_id diary_id schedule_activity_id
guard_phase4_org_consistency,diary_equipment,certificate_id project_id schedule_activity_id
guard_phase4_org_consistency,diary_manpower,certificate_id project_id schedule_activity_id
guard_phase4_org_consistency,drawings,certificate_id diary_id schedule_activity_id
guard_phase4_org_consistency,evm_snapshots,certificate_id diary_id schedule_activity_id
guard_phase4_org_consistency,method_statements,certificate_id diary_id schedule_activity_id
guard_phase4_org_consistency,milestones,certificate_id diary_id schedule_activity_id
guard_phase4_org_consistency,progress_updates,certificate_id diary_id project_id
guard_phase4_org_consistency,punch_lists,certificate_id diary_id schedule_activity_id
guard_phase4_org_consistency,quantity_sheets,certificate_id diary_id schedule_activity_id
guard_phase4_org_consistency,rfis,certificate_id diary_id schedule_activity_id
guard_phase4_org_consistency,schedule_activities,certificate_id diary_id schedule_activity_id
guard_phase4_org_consistency,schedule_baselines,certificate_id diary_id schedule_activity_id
guard_phase4_org_consistency,schedule_relationships,certificate_id diary_id schedule_activity_id
guard_phase4_org_consistency,site_diary,certificate_id diary_id schedule_activity_id
guard_phase4_org_consistency,site_instructions,certificate_id diary_id schedule_activity_id
guard_phase4_org_consistency,subcontract_certificate_lines,diary_id project_id schedule_activity_id
guard_phase4_org_consistency,subcontract_certificates,certificate_id diary_id schedule_activity_id
guard_phase4_org_consistency,subcontracts,certificate_id diary_id schedule_activity_id
guard_phase4_org_consistency,submittals,certificate_id diary_id schedule_activity_id
guard_phase5_org_consistency,attendance,asset_id payroll_run_id transmittal_id
guard_phase5_org_consistency,document_registers,asset_id employee_id payroll_run_id transmittal_id
guard_phase5_org_consistency,document_transmittals,asset_id employee_id payroll_run_id transmittal_id
guard_phase5_org_consistency,equipment_usage,employee_id payroll_run_id transmittal_id
guard_phase5_org_consistency,incidents,asset_id employee_id payroll_run_id transmittal_id
guard_phase5_org_consistency,inspection_checklists,asset_id employee_id payroll_run_id transmittal_id
guard_phase5_org_consistency,leave_requests,asset_id payroll_run_id project_id transmittal_id
guard_phase5_org_consistency,maintenance_log,employee_id payroll_run_id project_id transmittal_id
guard_phase5_org_consistency,ncrs,asset_id employee_id payroll_run_id transmittal_id
guard_phase5_org_consistency,payroll_lines,asset_id transmittal_id
guard_phase5_org_consistency,permits_to_work,asset_id employee_id payroll_run_id transmittal_id
guard_phase5_org_consistency,timesheets,asset_id payroll_run_id transmittal_id
guard_phase5_org_consistency,toolbox_talks,asset_id employee_id payroll_run_id transmittal_id
guard_phase5_org_consistency,transmittal_lines,asset_id employee_id payroll_run_id project_id
guard_phase5_posting_lock,equipment_usage,allowances basic deductions employee_id overtime payroll_run_id posted_gl_batch_id
guard_phase5_posting_lock,payroll_lines,asset_id hourly_rate hours_used
guard_phase5_project_links,equipment_usage,document_id employee_id payroll_run_id transmittal_id
guard_phase5_project_links,payroll_lines,asset_id document_id transmittal_id
guard_phase5_project_links,timesheets,asset_id document_id payroll_run_id transmittal_id
guard_phase5_status_transition,equipment_usage,investigation_status
guard_phase5_status_transition,payroll_runs,investigation_status
guard_technical_office_integrity,drawings,activity_name closed_at closed_by cost_impact_flag cycle description due_date no_impact_reason question responded_by response response_date subject time_impact_flag type
guard_technical_office_integrity,method_statements,closed_at closed_by cost_impact_flag cycle description discipline drawing_no due_date issued_by no_impact_reason question responded_by response response_date reviewed_at reviewed_by revision subject time_impact_flag title type
guard_technical_office_integrity,rfis,activity_name cycle description discipline document_id drawing_no due_date issued_by review_comment reviewed_at reviewed_by revision title type
guard_technical_office_integrity,submittals,activity_name closed_at closed_by cost_impact_flag discipline drawing_no issued_by no_impact_reason question responded_by response response_date reviewed_at reviewed_by revision subject time_impact_flag title
guard_technical_office_workflow,drawings,approved_by assigned_to created_by raised_by responded_by reviewer_id submitted_by
guard_technical_office_workflow,method_statements,assigned_to issued_by raised_by responded_by reviewed_by reviewer_id
guard_technical_office_workflow,rfis,approved_by created_by document_id issued_by reviewed_by reviewer_id submitted_by
guard_technical_office_workflow,submittals,approved_by assigned_to created_by issued_by raised_by responded_by reviewed_by
validate_portal_access_tenant,client_portal_access,subcontract_id vendor_id
validate_portal_access_tenant,subcontractor_portal_access,client_id project_id
